"id","cluster","cluster_name","feature","user_story","expected_behaviour","evidence","impl_status","phase","test_status","errors","fix_status","retest_status","notes"
"F-C01-01","C01","Editor shell & document lifecycle","Default document landing & dynamic routing","As a writer, I want a default document to open when I visit the app and a stable URL per document, so that I can land in an editor immediately and bookmark/share specific docs.","The home route ('/') renders EditorWorkspace with documentId=DEFAULT_DOCUMENT_ID ('demo-document'). The dynamic route '/doc/[id]' normalizes the URL param via normalizeDocumentId() (lowercases, replaces non [a-z0-9-] with '-', collapses/strips dashes, caps at 96 chars, falls back to 'demo-document' if empty) and mounts EditorWorkspace keyed on that id so navigation between docs fully remounts the workspace. EditorWorkspace is dynamically imported with ssr:false (client-only mount). Page-level <main> has role=main, an sr-only h1 'Lash Collaborative Editor', and a section labelled 'Document editor'.","apps/web/app/page.tsx:5-19, apps/web/app/doc/[id]/page.tsx:5-28, apps/web/lib/documentRegistry.ts:1-26","implemented","tested","pass","","none","pending",""
"F-C01-02","C01","Editor shell & document lifecycle","Document creation","As a writer, I want to create a new blank document with one click, so that I can start fresh work without leaving the editor.","Clicking the 'New document' button (Icon 'plus', data-testid='new-document-button') calls handleCreateDocument: it generates a unique id via createNewDocumentId() ('doc-<base36 time>-<8-char uuid/random>', normalized), upserts it into localStorage with title 'Untitled document', refreshes the document list, and navigates (router.push) to documentPath(nextDocumentId) ('/doc/<id>').","apps/web/components/editor/EditorWorkspace.tsx:1342-1396, apps/web/lib/documentRegistry.ts:143-149,113-141","implemented","tested","pass","","none","pending",""
"F-C01-03","C01","Editor shell & document lifecycle","Document listing & switching","As a writer, I want to see and switch between my documents from a dropdown, so that I can navigate my workspace.","A <select> (aria-label 'Open document', data-testid='document-open-select') lists documents from listDocuments(localStorage). The list always includes the 'demo-document' pinned first, then other records sorted by updatedAt descending; each option's value is documentPath(id) and label is the stored title. The active document is always present in the options (synthesized if missing). Changing the select calls router.push to the chosen path. Documents are loaded on mount and the active doc is upserted into the registry when activeDocumentId changes.","apps/web/components/editor/EditorWorkspace.tsx:1351-1396,484-498, apps/web/lib/documentRegistry.ts:58-83","implemented","tested","pass","","none","pending",""
"F-C01-04","C01","Editor shell & document lifecycle","Editable document title with persistence","As a writer, I want to rename my document inline and have the name persist, so that documents are identifiable across sessions and tabs.","A text input (aria-label 'Document title', data-testid='lash-doc-title-input') is bound to docTitle state, initialized from readDocumentTitle(localStorage). On change it updates state and calls saveDocumentTitle() (writes 'lash:title:<id>' key, upserts registry record, normalizes empty -> 'Untitled document') then refreshes the list. On blur it normalizes/persists again. The browser tab title is set to '<title> — Lash' whenever docTitle changes.","apps/web/components/editor/EditorWorkspace.tsx:1528-1549,500-504,1627-1636, apps/web/lib/documentRegistry.ts:85-111,28-31","implemented","tested","pass","","none","pending",""
"F-C01-05","C01","Editor shell & document lifecycle","TipTap editor mount & lifecycle","As a writer, I want a rich-text editor that loads with my document's extensions and shows a loading state, so that I can edit content reliably.","useEditor() mounts a TipTap editor with createLashEditorExtensions() configured per-document (outline persistence keyed to documentId via localStorage, image uploader, optional Yjs collaboration when realtime enabled, link prompt handler, doc-chip resolver), autofocus 'end', immediatelyRender:false. Until isMounted && editor are ready a 'Preparing your editor…' placeholder is shown; then EditorContent renders with class 'lash-editor-content'. Editor editability is toggled via setEditable based on invite access scope. The workspace remounts (key=documentId) per document so editor state is isolated.","apps/web/components/editor/EditorWorkspace.tsx:557-596,637-639,1696-1733, apps/web/app/doc/[id]/page.tsx:24","implemented","tested","pass","","none","pending",""
"F-C01-06","C01","Editor shell & document lifecycle","App shell layout (sidebar / topbar / canvas / rail grid)","As a user, I want a consistent workspace layout with navigation chrome around my document, so that tools are organized and predictable.","AppShell renders a CSS grid container ('lash-app') hosting sidebar, topbar, a focusable canvas ('lash-canvas', tabIndex=-1) wrapping the document, and the rail (only when railOpen). It sets data attributes (data-focus-mode, data-rail-open, data-sidebar-collapsed, data-mobile-drawer, data-rail-mobile, data-entrance) that drive CSS for collapse/focus/responsive behavior. On first mount a transient data-entrance='true' flag is set for 800ms then cleared to run entrance choreography once. A backdrop button closes any open mobile drawer.","apps/web/components/shell/AppShell.tsx:31-110","implemented","tested","pass","","none","pending",""
"F-C01-07","C01","Editor shell & document lifecycle","Left sidebar with navigation, outline, and collapse","As a user, I want a collapsible left sidebar with nav links and a live document outline, so that I can navigate sections and reclaim space.","Sidebar shows brand, a static PRIMARY_NAV (Current doc[active], Home, Inbox, Starred, Shared with me) and SECONDARY_NAV (All documents, Settings) as non-functional buttons, plus a live outline (OutlinePanel) from outlineItems. A footer collapse toggle (data-testid='sidebar-collapse-toggle', aria-pressed) flips sidebarCollapsed; when collapsed an 'Outline' access button (data-testid='sidebar-outline-access') re-expands it. Outline is hidden entirely when focus mode is on. Clicking an outline heading focuses/scrolls the editor (handleFocusHeading); the disclosure toggles heading collapse (handleToggleHeading). Note: nav links are presentational only (no onClick/routing).","apps/web/components/shell/Sidebar.tsx:31-154, apps/web/components/editor/EditorWorkspace.tsx:963-982,1566-1576","partial","verified","partial","[ux/medium] Outline and collapse work: collapse toggle flips sidebarCollapsed (aria-pressed), the collapsed 'Outline' access button re-expands, outline is hidden in focus mode, and outline clicks focus/scroll the editor or toggle heading collapse. However PRIMARY_NAV (Current doc, Home, Inbox, Starred, Shared with me) and SECONDARY_NAV (All documents, Settings) are rendered as buttons with NO onClick handler — pure dead controls. 'Current doc' even carries aria-current='page' and data-active, presenting a non-functional control as the active nav target. This is misleading affordance for a shipped UI.","fixed","pass",""
"F-C01-08","C01","Editor shell & document lifecycle","Top bar chrome (title, focus/suggest toggles, share, avatars, mobile menu)","As a user, I want a sticky top bar exposing document state and quick actions, so that key controls are always reachable.","TopBar shows the doc icon + title, an AutosaveIndicator, a focus-mode toggle (data-testid='focus-mode-toggle', aria-pressed, swaps maximize/minimize icon), a suggest-mode toggle (data-testid='suggest-mode-toggle', aria-pressed, flips isSuggestMode adding a 'Suggesting' meta badge), a Share button (data-testid='topbar-share-button') that opens the Share rail tab, a static 3-avatar collaborator stack (Apollo/Ada Lovelace/Grace Hopper), and a mobile menu button that opens the mobile sidebar drawer. The 'extras' slot injects the document open-select + new-document button. Note: the avatar stack is hardcoded, not derived from live presence.","apps/web/components/shell/TopBar.tsx:27-143, apps/web/components/editor/EditorWorkspace.tsx:1551-1564,1559","partial","verified","partial","[ux/medium] TopBar shows doc icon+title, AutosaveIndicator, focus-mode toggle (aria-pressed, maximize/minimize swap), suggest-mode toggle (aria-pressed, drives the 'Suggesting' meta badge), a Share button that opens the Share rail tab, a mobile menu button, and the extras slot (document select + new-doc button). All wiring is correct. The defect is the 3-avatar collaborator stack: it is hardcoded (Apollo/Ada Lovelace/Grace Hopper) with title='<name> · viewing now', presenting fake live presence as real. A separate, genuinely live presence bar (realtimePresence) exists near the document header, making the top-bar stack redundant and actively misleading.","fixed","pass",""
"F-C01-09","C01","Editor shell & document lifecycle","Right rail with section navigation (Chat/History/AI/Share/Activity)","As a user, I want an activity rail organized into jumpable sections, so that I can reach chat, history, AI, sharing, and activity panels.","RightRail renders chip buttons (Chat, History, AI, Share, Activity) over a scrolling column where all five panels are siblings. Clicking a chip calls onChange and smoothly scrolls to that section (respecting prefers-reduced-motion); an IntersectionObserver updates the active chip to whatever section is most visible, with a 400ms scroll-lock after a click and a -40% bottom rootMargin to suppress overscroll false fires. The History chip shows a badge with the version count. A close button (when provided) closes the rail.","apps/web/components/shell/RightRail.tsx:41-150, apps/web/components/editor/EditorWorkspace.tsx:1268-1340,1578-1588","implemented","tested","pass","","none","pending",""
"F-C01-10","C01","Editor shell & document lifecycle","Panel toggling via keyboard shortcuts (focus mode, rail)","As a power user, I want keyboard shortcuts to toggle focus mode and the activity rail, so that I can manage screen real estate without the mouse.","Cmd/Ctrl+Shift+F toggles isFocusMode (listener skipped on coarse-pointer/touch devices to avoid hijacking iOS keyboard); focus mode sets data-focus-mode on the shell, hides the toolbar and outline. Cmd/Ctrl+/ toggles railOpen. Both ignore IME composition (keyCode 229), key repeat, and call preventDefault. The top-bar focus-mode button and the handleFocusModeToggle callback also toggle the same state.","apps/web/components/editor/EditorWorkspace.tsx:1181-1214,984-986,1611-1612,1573","implemented","tested","pass","","none","pending",""
"F-C01-11","C01","Editor shell & document lifecycle","Mobile drawers for sidebar and rail","As a mobile user, I want the sidebar and activity rail to open as overlay drawers with proper focus handling, so that the app is usable on small screens.","On narrow widths the sidebar/rail become slide-in drawers controlled by mobileSidebarOpen/mobileRailOpen. Opening stashes the trigger element so focus returns to it on close; Escape closes any open drawer (AppShell key handler); a backdrop click closes drawers; while a drawer is open the canvas is marked 'inert' (no tab/AT reach) and the body is scroll-locked via position:fixed at the negative prior scrollY (restored on close). Opening the Share panel on <=767px also opens the mobile rail drawer.","apps/web/components/editor/EditorWorkspace.tsx:510-534,1398-1408,1512-1526, apps/web/components/shell/AppShell.tsx:54-76,97-107","implemented","tested","pass","","none","pending",""
"F-C02-01","C02","Toolbar & text formatting","Inline mark formatting (bold/italic/underline/code)","As a writer, I want to toggle bold, italic, underline, and inline code on my selection, so that I can emphasize and format text inline.","Clicking the Bold/Italic/Underline/Code toolbar buttons (or invoking runToolbarCommand with id 'bold'|'italic'|'underline'|'code') runs editor.chain().focus().toggleBold()/toggleItalic()/toggleUnderline()/toggleCode().run(), which adds the mark to the current selection if absent or removes it if present. Each is rendered as an icon button in the 'Inline formatting' (marks) group.","packages/editor-core/src/commands.ts:27-38; packages/editor-core/src/commands.ts:100-107; packages/editor-core/src/toolbar.ts:14-17; apps/web/components/editor/EditorWorkspace.tsx:95-97,958","implemented","tested","pass","","none","pending",""
"F-C02-02","C02","Toolbar & text formatting","Heading levels 1-3 toggle","As a writer, I want to convert the current block to/from a heading level 1, 2, or 3, so that I can structure my document.","Clicking Heading 1/2/3 (ids 'heading-1'|'heading-2'|'heading-3') runs editor.chain().focus().toggleHeading({ level }).run() with level 1, 2, or 3, converting the current block to that heading or back to a paragraph if it is already that heading level. Rendered in the 'Structure' (blocks) group.","packages/editor-core/src/commands.ts:39-41,108-113; packages/editor-core/src/toolbar.ts:19-21,46-51","implemented","tested","pass","","none","pending",""
"F-C02-03","C02","Toolbar & text formatting","List toggles (bullet, ordered, checklist)","As a writer, I want to toggle bullet, numbered, and checkbox lists, so that I can organize items.","Bullet List runs toggleBulletList(), Ordered List runs toggleOrderedList(), and Checklist runs toggleTaskList() (the 'checklist' id maps to TipTap's task list). Each wraps/unwraps the current block(s) in the corresponding list type. Rendered in the 'Structure' (blocks) group.","packages/editor-core/src/commands.ts:42-50,114-119; packages/editor-core/src/toolbar.ts:22-24,52-57","implemented","tested","pass","","none","pending",""
"F-C02-04","C02","Toolbar & text formatting","Insert table","As a writer, I want to insert a default table, so that I can add tabular content.","Clicking Insert Table (id 'insert-table') runs editor.chain().focus().insertTable({ rows: 3, cols: 3, withHeaderRow: false }).run(), inserting a 3x3 table with no header row at the cursor. Because it is an insertion (not a toggle), its active state always returns false.","packages/editor-core/src/commands.ts:75-79,120-121; packages/editor-core/src/toolbar.ts:25,58-59","implemented","tested","pass","","none","pending",""
"F-C02-05","C02","Toolbar & text formatting","Link set/unset with URL prompt and normalization","As a writer, I want to add or remove a hyperlink on my selection by entering a URL, so that I can link to external resources.","Clicking the Link button calls handleLinkCommand, which reads the existing link href, opens window.prompt('Link URL', currentHref). Cancel (null) aborts. An empty/whitespace result runs runToolbarAction(editor,'link') with no href, which calls unsetLink() (extendMarkRange('link').unsetLink()). A non-empty value is normalized (http(s)/mailto kept as-is, otherwise prefixed with 'https://') then setLink({ href }) is applied over the extended link mark range. Active state = editor.isActive('link').","apps/web/components/editor/EditorWorkspace.tsx:84-93,544-555,952-961; packages/editor-core/src/commands.ts:69-74,122-128; packages/editor-core/src/toolbar.ts:18,44-45","implemented","tested","pass","","none","pending",""
"F-C02-06","C02","Toolbar & text formatting","Toolbar active-state highlighting and accessibility","As a user, I want toolbar buttons to visually indicate when the current selection has that formatting, so that I know the active state.","For each button, isToolbarButtonActive(editor, id) maps to editor.isActive('bold'/'italic'/'underline'/'code'/'link') or editor.isActive('heading',{level}) or isActive('bulletList'/'orderedList'/'taskList'); 'insert-table' is always false. The EditorToolbar sets data-active, aria-pressed, and (in ToolbarButton) applies a blue highlight style when active. Buttons are disabled until an editor instance exists (disabled={!ready}).","packages/editor-core/src/toolbar.ts:34-63; apps/web/components/editor/panels/EditorToolbar.tsx:75,84-91; packages/ui/src/ToolbarButton.tsx:23-26,42-58","implemented","verified","partial","[a11y/low] Active-state mapping is correct in isToolbarButtonActive (toolbar.ts:34-63): each id maps to the right isActive() check and insert-table is always false. The live toolbar (panels/EditorToolbar.tsx:80-95) renders bare <button class='lash-icon-btn'> with data-active and aria-pressed, NOT the ToolbarButton.tsx component, so the inline activeStyles in ToolbarButton.tsx:23-26 is dead code; the active highlight depends entirely on a CSS rule. That CSS rule DOES exist (globals.css:836-840: .lash-icon-btn[data-active='true'],[aria-pressed='true'] sets coral background/color), so the highlight is functional — it is just driven by CSS, not by ToolbarButton.tsx. Secondary a11y issue: aria-pressed='false' is set on the insert-table action button (EditorToolbar.tsx:90), which is not a toggle, so a screen reader announces it as an unpressed toggle, which is semantically inaccurate.","fixed","pass",""
"F-C02-07","C02","Toolbar & text formatting","Toolbar grouping, icons, and shortcut tooltips","As a user, I want toolbar buttons grouped with icons and keyboard-shortcut tooltips shown per platform, so that the toolbar is discoverable.","Buttons are split into 'Inline formatting' (marks) and 'Structure' (blocks) groups via toolbarGroups. Each renders an SVG Icon (COMMAND_ICONS map) falling back to a text glyph. The hotkey string is converted by shortcutHint to a per-platform label (Mod->Ctrl/Cmd, Alt->Opt, Shift symbol) and shown as title/data-tooltip e.g. 'Bold (Ctrl+B)'. These hotkey strings are DISPLAY metadata only; actual keystroke handling relies on the underlying TipTap mark/heading/list extensions' built-in keymaps, and the Link 'Mod+K' label has no wired keybinding to the prompt flow.","packages/editor-core/src/toolbar.ts:13-26,65-68; apps/web/components/editor/panels/EditorToolbar.tsx:29-53,72-99; apps/web/components/editor/EditorWorkspace.tsx:95-97; packages/editor-core/src/extensions/chip.ts:431-441","partial","fixed","partial","[spec-error/medium] Grouping, icons, and tooltips are correct: toolbar.ts:13-26 tags each button group=marks/blocks; EditorToolbar.tsx:29-42 maps all 12 ids to IconName values that all exist in components/shell/Icon.tsx (IconName union lines 34-45: bold/italic/underline/code/link/h1/h2/h3/list-bullet/list-numbered/list-check/table), with a text-glyph fallback (EditorToolbar.tsx:94); shortcutHint (EditorToolbar.tsx:44-53) builds per-platform tooltips. The story's expected_behaviour is mis-derived: it claims hotkeys are display-only and that Mod+K is not wired to the prompt flow. In reality LashKeyboardShortcuts (base.ts:61-85) explicitly wires Mod-b/i/u/e, Mod-Alt-1/2/3, Mod-Shift-8/7/x/t, and Mod-k. Mod-k (base.ts:76-82) calls this.options.onRequestLink when present, i.e. it IS wired to the prompt flow. Separately chip.ts:431-441 ALSO binds Mod-k, returning false when no chip is at the selection so it falls through to the link handler; this shared keybinding is fragile and undocumented.","spec-corrected","n/a","SPEC-ERROR: story expected_behaviour to be corrected per audit. Spec-corrected: code is intentional; the story expected_behaviour was over-claimed (see DEFERRED.md/ERRORS.md). No code defect."
"F-C03-01","C03","Headings, outline & collapse","Stable heading IDs","As a document author, I want each heading to receive a stable identifier, so that outline collapse state and navigation can reliably target the right section.","On any transaction that changes the doc, an appendTransaction plugin walks all heading nodes; any heading lacking a `headingId` attr gets one derived from its position as `heading-${pos.toString(36)}` via setNodeMarkup. The heading attribute is defined on the LashHeading extension (default null) and serializes to/from the DOM as `data-heading-id`. Headings without an assigned id are also given a positional fallback `heading-${pos}` in outline computation.","packages/editor-core/src/plugins/heading-id.ts:7,9-26,31-37; packages/editor-core/src/extensions/heading.ts:6-19; packages/editor-core/src/plugins/outline.ts:103,110","implemented","tested","pass","","none","pending",""
"F-C03-02","C03","Headings, outline & collapse","Outline tree computation","As a writer, I want a structured outline of my document headings, so that I can see and navigate the document hierarchy.","computeOutlineItems scans the doc for heading nodes and produces an ordered OutlineItem[] each carrying headingId, level (default 1), title (textContent or fallback `Heading N`), collapsed flag, descendantCount (count of consecutive deeper headings), hiddenBlockCount (doc-level blocks between this heading and the next same/higher-level heading), and from/to/contentFrom/contentTo positions. getOutlineItems exposes the list. The OutlinePanel renders an ordered list, indenting entries by (level-1)*1.1rem and showing a meta label `{descendantCount} sections · {hiddenBlockCount} blocks`. EditorWorkspace republishes the outline on doc/selection changes, deduping with sameOutlineItems.","packages/editor-core/src/plugins/outline.ts:88-157,354-357; apps/web/components/editor/panels/OutlinePanel.tsx:30-67; apps/web/components/editor/EditorWorkspace.tsx:663-679","implemented","tested","pass","","none","pending",""
"F-C03-03","C03","Headings, outline & collapse","Collapse / expand a heading section","As a writer, I want to collapse a heading to hide its content, so that I can focus on document structure.","toggleHeadingCollapse(headingId) toggles the id in the collapsedIntent set and dispatches a 'set-collapsed' meta transaction. Collapsed sections produce hidden ranges (contentFrom..contentTo) which become `lash-hidden-block` node decorations on every block in range, visually hiding section content. The OutlinePanel toggle button shows ▶ when collapsed / ▼ when expanded, sets aria-expanded and data-collapsed, and calls onToggle which routes to lashCommands.toggleHeadingCollapse. isHeadingCollapsed/getCollapsedHeadingIds expose collapse state.","packages/editor-core/src/plugins/outline.ts:70-74,159-181,279-320,359-367; apps/web/components/editor/panels/OutlinePanel.tsx:43-52; apps/web/components/editor/EditorWorkspace.tsx:963-969","implemented","tested","pass","","none","pending",""
"F-C03-04","C03","Headings, outline & collapse","Expand all headings","As a writer, I want to expand every collapsed heading at once, so that I can quickly reveal the entire document.","expandAllHeadings command checks the collapsedIntent set; if empty it returns true as a no-op, otherwise it dispatches a 'set-collapsed' meta with an empty collapsedIds array, clearing all collapse state including ids for headings not currently present in the doc.","packages/editor-core/src/plugins/outline.ts:321-339","implemented","verified","partial","[ux/medium] The expandAllHeadings command logic is correct and matches the story's acceptance criteria: at outline.ts:321-339 it reads pluginState.collapsedIntent (the unfiltered intent set, not the doc-filtered visible `collapsed` set), no-ops returning true when the intent set is empty, and otherwise dispatches a 'set-collapsed' meta with collapsedIds:[] which clears all collapse state including ids for headings no longer present in the doc. The command is exposed via lashCommands.expandAllHeadings (commands.ts:60-68). However, it is NOT wired to any user-facing affordance: a grep of apps/web and packages for expandAllHeadings / 'Expand all' / 'expand-all' returned only the two definition sites (commands.ts and outline.ts) and zero callers. OutlinePanel.tsx:25-29 renders only an <h2> 'Outline' title in its header (no expand-all button); the toolbar config (toolbar.ts) has no expand-all entry. A returning user with collapsed sections can only expand them one at a time. The user story's goal ('expand every collapsed heading at once') is unreachable through the UI.","fixed","pass",""
"F-C03-05","C03","Headings, outline & collapse","Caret safety on collapse","As a writer, I want my cursor moved out of a section when I collapse it, so that the caret never lands inside hidden content.","When a heading is collapsed, findNextVisiblePosition locates the first heading whose `from` is at/beyond the collapsed range's contentTo (skipping nested children) and the selection is moved there via PMSelection.near(resolved, 1). If no following visible heading exists, the caret falls back to a position inside the still-visible collapsed heading itself (min(target.from+1, doc.content.size)) to avoid searching backward into hidden content.","packages/editor-core/src/plugins/outline.ts:198-224,301-310","implemented","tested","pass","","none","pending",""
"F-C03-06","C03","Headings, outline & collapse","Collapse-state persistence (intent set)","As a returning user, I want my collapsed sections to survive page reloads and content re-loads, so that my document view stays consistent.","The plugin tracks two sets: collapsedIntent (every id the user collapsed, even if absent from the current doc) and collapsed (intent ∩ current heading ids, used for decorations/UI). On apply, when a set-collapsed meta arrives or the intent set changes, it saves Array.from(collapsedIntent) via the persistence adapter; on init it loads ids for the documentId. The web app wires createLocalStorageOutlinePersistence(window.localStorage) keyed by activeDocumentId, storing JSON under `lash-outline:{docId}`. A memory adapter (Map-backed) is also provided. localStorage adapter guards against undefined storage and catches/logs JSON errors, returning [] on failure.","packages/editor-core/src/plugins/outline.ts:27-38,230-254,343-351; packages/editor-core/src/persistence/outline-persistence.ts:3-48; apps/web/components/editor/EditorWorkspace.tsx:536-542,557-564","implemented","tested","pass","","none","pending",""
"F-C03-07","C03","Headings, outline & collapse","Jump to heading from outline","As a writer, I want to click an outline entry to jump to that heading, so that I can navigate long documents quickly.","The OutlinePanel jump button (aria-label `Jump to {title}`) calls onFocus(item). EditorWorkspace's handleFocusHeading chains focus().setTextSelection({from: item.from, to: item.from}).scrollIntoView(), placing the caret at the heading start and scrolling it into view.","apps/web/components/editor/panels/OutlinePanel.tsx:53-64; apps/web/components/editor/EditorWorkspace.tsx:971-982","implemented","tested","pass","","none","pending",""
"F-C04-01","C04","Markdown import/export & hotkeys","Markdown import (parseMarkdownToDoc)","As a writer, I want to import a Markdown file into the editor, so that I can bring existing Markdown content into a Lash document.","parseMarkdownToDoc(markdown) parses text via unified+remark-parse+remark-gfm and walks the mdast tree. It converts headings (clamped to levels 1-3), paragraphs, bullet/ordered/task lists (start attr preserved for ordered), tables, and inline marks (bold->strong, italic->emphasis, inlineCode->code mark, links with href). Reference-style image and link definitions are collected into a definitions map and applied. Hard breaks become hardBreak nodes. Empty input yields a doc with a single empty paragraph. Returns { doc: JSONContent, warnings: string[] }.","packages/editor-core/src/markdown/index.ts:349-376, packages/editor-core/src/markdown/index.ts:278-347, packages/editor-core/src/markdown/index.ts:55-140","implemented","tested","pass","","none","pending",""
"F-C04-02","C04","Markdown import/export & hotkeys","Markdown table import","As a writer, I want GFM tables in my Markdown to import as editable tables, so that tabular data survives the import.","convertTable maps each mdast TableRow to a tableRow; the first row becomes tableHeader cells and subsequent rows tableCell, each with attrs { colspan:1, rowspan:1, colwidth:null }. Cell inline content is converted (allowImages=true) and wrapped via ensureParagraph so each cell holds at least one paragraph. Produces a ProseMirror 'table' node.","packages/editor-core/src/markdown/index.ts:218-249, packages/editor-core/src/markdown/index.ts:316-317","implemented","tested","pass","","none","pending",""
"F-C04-03","C04","Markdown import/export & hotkeys","Import warnings for unsupported constructs","As a writer, I want to be warned when Markdown features can't be fully represented, so that I understand what changed on import.","Unsupported/lossy nodes add deduplicated warning strings: code blocks become plain paragraphs, blockquotes are flattened, thematic breaks (HR) are removed, HTML blocks/snippets are stripped, strikethrough (delete) becomes plain text, images inside headings become alt text, and missing image reference definitions warn. Warnings are returned as an array. In the UI (EditorWorkspace.showWarnings) non-empty warnings are console.warn'd and shown via window.alert.","packages/editor-core/src/markdown/index.ts:101-138, packages/editor-core/src/markdown/index.ts:318-345, apps/web/components/editor/EditorWorkspace.tsx:1220-1228","implemented","tested","pass","","none","pending",""
"F-C04-04","C04","Markdown import/export & hotkeys","Markdown export (serializeDocToMarkdown)","As a writer, I want to export my document to Markdown, so that I can use it outside Lash.","serializeDocToMarkdown(doc) converts the ProseMirror JSON to mdast and stringifies via remark-stringify with options { bullet:'-', fences:true, listItemIndent:'one' } plus remark-gfm. Handles headings (depth clamped 1-3), paragraphs, bullet/ordered/task lists (ordered start preserved, task checked state), tables, and inline marks (bold->strong, italic->emphasis, link->link, code mark->inlineCode). Underline marks export as emphasis with a warning. Images are emitted as reference-style images with collected definitions appended to the document root. Returns { markdown, warnings }.","packages/editor-core/src/markdown/index.ts:599-634, packages/editor-core/src/markdown/index.ts:467-597, packages/editor-core/src/markdown/index.ts:383-419","implemented","verified","partial","[bug/low] In serializeDocToMarkdown, convertTableToMdast extracts each table cell's inline content via cell.content?.[0]?.content (index 0 only), so it reads only the inline children of the FIRST block of a cell. If a table cell contains multiple paragraphs or a non-paragraph block (a user can create a second paragraph in a cell with Enter), the additional blocks are silently dropped with no warning, causing data loss on export. Code-block export is also unhandled (no codeBlock case in convertDocNodeToMdast, lines 472-516; unsupported nodes fall to the default branch and emit an empty paragraph + 'Unsupported node' warning), but code blocks are not in the schema so that part is genuinely minor.","fixed","pass",""
"F-C04-05","C04","Markdown import/export & hotkeys","Image reference round-trip via definitions","As a writer, I want images preserved across Markdown export, so that image references aren't lost.","On export, convertImageToMdast deduplicates images by src, assigns ids like 'image-N', emits imageReference nodes (referenceType 'full'), and appends matching definition nodes (identifier/label/url) to the document root so remark-stringify produces reference-style image syntax with link definitions. On import, those definitions are resolved back to inline image nodes (src/alt).","packages/editor-core/src/markdown/index.ts:447-465, packages/editor-core/src/markdown/index.ts:615-622, packages/editor-core/src/markdown/index.ts:156-187","implemented","tested","pass","","none","pending",""
"F-C04-06","C04","Markdown import/export & hotkeys","Import .md file via toolbar button + hidden file input","As a user, I want an Import button that lets me pick a .md file and load it, so that importing is a one-click action.","The MarkdownIO toolbar renders an upload icon button (data-testid markdown-import-button) that calls onImportClick, which clicks a hidden file input (accept='.md,text/markdown'). On file change, handleMarkdownFileChange reads file.text(), clears the input value, runs parseMarkdownToDoc, replaces editor content via editor.commands.setContent(doc, false), and surfaces warnings.","apps/web/components/editor/panels/MarkdownIO.tsx:26-57, apps/web/components/editor/EditorWorkspace.tsx:1216-1241, apps/web/components/editor/EditorWorkspace.tsx:1614-1618","implemented","tested","pass","","none","pending",""
"F-C04-07","C04","Markdown import/export & hotkeys","Export .md file download via toolbar button","As a user, I want an Export button that downloads my document as Markdown, so that I can save it locally.","The MarkdownIO download icon button (data-testid markdown-export-button, disabled when exportDisabled) calls onExportClick. handleExportMarkdown serializes editor.getJSON(), shows warnings, stashes the result on window.__lashLastExport (for tests), then creates a Blob (text/markdown), an object URL, and a temporary anchor with download='document.md' that is clicked to trigger the download, then cleaned up.","apps/web/components/editor/panels/MarkdownIO.tsx:38-48, apps/web/components/editor/EditorWorkspace.tsx:1243-1262","implemented","tested","pass","","none","pending",""
"F-C04-08","C04","Markdown import/export & hotkeys","Markdown shorthand input-rule hotkeys","As a writer, I want typing Markdown shorthand (e.g. '# ', '- ', '1. ', '**bold**') to auto-format, so that I can format without the toolbar.","Markdown shorthand is provided by TipTap input rules, not custom code in this cluster: StarterKit supplies bullet list ('- '/'* '), ordered list ('1. '), inline code (backticks), bold ('**'), and italic ('*') rules, and LashHeading (extends TipTap HeadingExtension, levels 1-3) supplies the '#'/'##'/'###' heading rule. These are wired via createLashEditorExtensions in schema/base.ts. No Lash-specific markdown input-rule code exists; behaviour is inherited from the configured extensions.","packages/editor-core/src/schema/base.ts:143-164, packages/editor-core/src/extensions/heading.ts:4","implemented","tested","pass","","none","pending",""
"F-C05-01","C05","Tables (cells/nav/copy-paste/perf)","Custom cell types (text / status / select)","As a document author, I want to assign a cell type of text, status, or select to table cells, so that I can capture structured data like task status alongside free text.","Each table cell carries cellType ('text'|'status'|'select'), value, and options attributes. setSelectionCellType (wired via lashCommands.setTableCellType) updates every selected cell: switching to 'text' clears options and restores the prior value as paragraph text content; switching to 'status'/'select' applies provided options or, when none are given, falls back to defaults (status: Todo/In Progress/Done; select: Option A/B/C). Cell attrs persist to HTML as data-cell-type / data-cell-value / data-cell-options (options JSON-encoded) and round-trip back via parseHTML. The node view sets display value to the stored value if it is in the option list, else the first option. Non-text cells hide their contentDOM and show a control button.","packages/editor-core/src/table/types.ts:1,16,17,25; packages/editor-core/src/table/commands.ts:29-72; packages/editor-core/src/commands.ts:80-82; packages/editor-core/src/extensions/table/index.ts:183-240,647-672; apps/web/components/editor/panels/TableCellPanel.tsx:14-49; apps/web/components/editor/EditorWorkspace.tsx:855,904","implemented","tested","pass","","none","pending",""
"F-C05-02","C05","Tables (cells/nav/copy-paste/perf)","Cell value picker / option cycling","As a document author, I want to pick or cycle through the allowed values of a status/select cell, so that I can quickly set a cell's value from its option set.","cycleSelectionCellOption (lashCommands.cycleTableCellOption) advances/retreats the value of each non-text selected cell through its resolved options with wraparound (clampOptionIndex uses modulo). setSelectionCellValue (lashCommands.setTableCellValue) sets a cell's value; for text cells it also rewrites paragraph content. The DOM node view renders a listbox menu of option buttons; clicking an option commits that value and closes the picker. The TableCellPanel React surface shows current value chip, Cycle/Back buttons, and an option grid that calls setValue on click.","packages/editor-core/src/table/commands.ts:74-121; packages/editor-core/src/table/utils.ts:46-67; packages/editor-core/src/extensions/table/index.ts:162-181,262-276; apps/web/components/editor/panels/TableCellPanel.tsx:51-91; apps/web/components/editor/EditorWorkspace.tsx:863,871,905,906","implemented","tested","pass","","none","pending",""
"F-C05-03","C05","Tables (cells/nav/copy-paste/perf)","Keyboard navigation of status/select cell picker","As a keyboard user, I want to open and navigate a cell's option picker with Enter/Space/arrows/typeahead, so that I can set cell values without a mouse.","A ProseMirror plugin (createLashTableInteractionPlugin) handles keydown on non-text cells with options. When closed: Enter (no shift) or Space opens the picker at the current value's index. When open: ArrowDown/ArrowRight moves to next option, ArrowUp/ArrowLeft to previous (wraparound), Enter commits the active option and closes, Escape closes without committing, Tab commits the active value and lets the event propagate (returns false) so focus moves on, and any single printable character does typeahead-selecting the first option that startsWith that letter. Picker open state, active index, and option count are tracked in plugin state and reflected via aria-expanded / data-active / aria-selected on the DOM; open position is remapped through doc changes.","packages/editor-core/src/extensions/table/index.ts:386-489,530-637","implemented","tested","pass","","none","pending",""
"F-C05-04","C05","Tables (cells/nav/copy-paste/perf)","TSV copy of table cell selection","As a document author, I want to copy a range of selected table cells, so that I can paste the data into spreadsheets or elsewhere as tab-separated values.","On copy, if there is a table cell selection, handleCopyEvent builds a matrix from the selected rect via extractSelectionMatrix (using each cell's display value: text content for text cells, the value attr for status/select), serializes it to TSV with buildTsvFromMatrix (tabs between columns, newlines between rows), prevents the default copy, and writes the same TSV to both text/plain and text/tab-separated-values clipboard formats.","packages/editor-core/src/extensions/table/index.ts:491-504,587; packages/editor-core/src/table/interop.ts:49-77,165-166,170","implemented","verified","partial","[ux/medium] TSV copy works for a true cell range: handleCopyEvent builds a matrix via extractSelectionMatrix (text content for text cells, value attr for status/select), serializes with buildTsvFromMatrix, preventDefaults, and writes both text/plain and text/tab-separated-values. However hasTableSelection returns true whenever the caret merely sits inside any cell (collectSelectedCells uses cellAround for non-CellSelection and returns the single surrounding cell). So pressing Ctrl/Cmd+C with just a caret — or a partial text selection inside one cell — is hijacked: the entire cell is copied as TSV and the native copy is prevented, clobbering normal in-cell text copy.","fixed","pass",""
"F-C05-05","C05","Tables (cells/nav/copy-paste/perf)","TSV/CSV paste into table cell selection","As a document author, I want to paste tabular data into a selected table region, so that the cell values are filled in from my clipboard.","On paste with a table cell selection, handlePasteEvent reads text/tab-separated-values (or falls back to text/plain), parses it via parseClipboardTableText: lines split on tabs if any tab is present, otherwise on commas, with values trimmed and rows normalized to equal column counts. applyMatrixToSelection maps the parsed matrix onto the selected rect cell-by-cell (positions remapped through the transaction): text cells get their paragraph content replaced; status/select cells accept the pasted value only if it is a valid option, else fall back to the first option. If any cell changed, default paste is prevented and any open picker is closed.","packages/editor-core/src/extensions/table/index.ts:506-526,588; packages/editor-core/src/table/interop.ts:79-163,168","implemented","verified","partial","[ux/medium] Paste logic is correct: handlePasteEvent reads text/tab-separated-values (falls back to text/plain), parseClipboardTableText splits on tabs if any tab present else commas, trims, normalizes ragged rows to equal columns, and applyMatrixToSelection maps cell-by-cell with positions remapped through tr.mapping.map; text cells get paragraph content replaced, status/select cells accept only valid options else fall back to options[0]; on change it preventDefaults and closes any open picker. Same over-broad gating issue as copy: hasTableSelection is true for a mere caret in a cell, so pasting clipboard text while just typing in a single cell is intercepted and the value is force-overwritten/normalized instead of inserting at the caret.","fixed","pass",""
"F-C05-06","C05","Tables (cells/nav/copy-paste/perf)","Insert table command","As a document author, I want to insert a table into my document, so that I can structure content in rows and columns.","lashCommands.insertTable runs editor.chain().focus().insertTable({ rows, cols, withHeaderRow:false }) defaulting to 3x3 when rows/cols are not provided; it is dispatched by the 'insertTable' toolbar command. The table extension is configured non-resizable with class 'lash-table' and table-node selection allowed.","packages/editor-core/src/commands.ts:75-78,121; packages/editor-core/src/extensions/table/index.ts:684-697","implemented","tested","pass","","none","pending",""
"F-C05-07","C05","Tables (cells/nav/copy-paste/perf)","Programmatic cell range selection helper","As an integrator/test author, I want to select a rectangular range of table cells by row/col coordinates, so that I can drive table interactions programmatically.","selectTableCells locates the current table (or the first table in the doc), clamps anchor/head row+col to the table bounds via TableMap, creates a CellSelection between the anchor and head cell positions, dispatches it, and scrolls into view by default (suppressible via options.scrollIntoView=false). Returns true on success, false if no view or no table.","packages/editor-core/src/table/helpers.ts:6-64","implemented","tested","pass","","none","pending",""
"F-C05-08","C05","Tables (cells/nav/copy-paste/perf)","Large-table virtualization","As a document author, I want very large tables to render efficiently by virtualizing off-screen rows/columns, so that big tables stay performant.","The @lash/tables-media package defines TableViewport/TableVirtualizer interfaces and a createTableVirtualizer factory, but the factory throws 'createTableVirtualizer: not implemented (M5/F4)'. The file is explicitly marked SCAFFOLD; no virtualization logic exists and nothing consumes it. The companion createUploadPipeline (media transform) likewise throws not-implemented.","packages/tables-media/src/index.ts:1-9,11-30,32-39","stub","tested","fail","[logistical/low] No virtualization exists. @lash/tables-media defines TableViewport/TableVirtualizer interfaces and a createTableVirtualizer factory that immediately throws 'createTableVirtualizer: not implemented (M5/F4)'. The file is marked SCAFFOLD and nothing in the editor consumes it; companion createUploadPipeline also throws. Off-screen rows/columns are not virtualized at all.","deferred","n/a","Deferred — unbuilt roadmap subsystem or cross-file follow-up (see DEFERRED.md). Not a shipped-UI defect."
"F-C06-01","C06","Images & media","Clipboard paste image upload","As a writer, I want to paste an image from my clipboard directly into the document, so that I can add screenshots without saving files first.","On a ProseMirror paste, handlePaste scans clipboardData.items for items whose kind==='file' and type starts with 'image/'. If any image files are found, it calls event.preventDefault(), inserts a placeholder image node at the selection for each file via uploadManager.insert() (which replaces the selection with an 'image' node, status='uploading', generated uploadId, object-URL previewSrc, initialWidth), and starts the async upload. Returns true to consume the paste. Non-image pastes return false and pass through.","packages/editor-core/src/extensions/image.ts:315-336, packages/editor-core/src/extensions/image.ts:242-250","implemented","tested","pass","","none","pending",""
"F-C06-02","C06","Images & media","Drag-and-drop image upload","As a writer, I want to drag an image file onto the editor, so that it is inserted at the drop location.","handleDrop reads files from event.dataTransfer.files, falling back to extracting File objects from dataTransfer.items (kind==='file') when files is empty (supports synthetic/Playwright DataTransfer). It filters to image/* types; if none, returns false. Otherwise it preventDefaults, moves the selection to the nearest position at the drop coordinates via view.posAtCoords + PMSelection.near, then inserts an uploading placeholder node per file and begins upload. Returns true.","packages/editor-core/src/extensions/image.ts:337-365","implemented","tested","pass","","none","pending",""
"F-C06-03","C06","Images & media","Async upload pipeline with progress and placeholder swap","As a writer, I want to see upload progress and have the placeholder replaced by the final image, so that I know the upload succeeded.","scheduleUpload calls uploader.upload(file, onProgress). onProgress dispatches setNodeMarkup updates to the image node's 'progress' attr (rendered as 'Uploading… N%' where N=round(progress*100)). On resolve, the node attrs are set to src=result.src, status='idle', uploadId=null, progress=1, previewSrc=null (which swaps img.src from preview object-URL to the uploaded src); width is set from result.width only if the user has not manually resized (current width still equals initialWidth). On success the preview object-URL is revoked and the upload entry/disposer are removed. The browser uploader implementation is a mock that ticks progress on an interval and resolves to a generated assets.lash.dev URL after a delay.","packages/editor-core/src/extensions/image.ts:87-156, packages/editor-core/src/extensions/image.ts:576-616, apps/web/lib/createBrowserImageUploader.ts:13-66","implemented","tested","partial","[ux/low] Progress wiring and placeholder swap are correctly implemented: onProgress dispatches setNodeMarkup of the 'progress' attr (rendered 'Uploading… N%' with N=round(progress*100)); on resolve attrs are set src=result.src, status='idle', uploadId=null, progress=1, previewSrc=null (img.src swaps from preview to uploaded src); width is taken from result.width only when the user has not manually resized (currentWidth undefined or still === initialWidth); preview object-URL is revoked and the entry/disposer removed on success. The only gap is that the production uploader (createBrowserImageUploader) is a hardcoded mock that ticks fake progress on a timer and resolves to a synthetic assets.lash.dev URL — no real upload occurs. The spec itself acknowledges this is a mock, so it is spec-accurate, but ships fake media URLs as if real.","deferred","n/a","Deferred — unbuilt roadmap subsystem or cross-file follow-up (see DEFERRED.md). Not a shipped-UI defect."
"F-C06-04","C06","Images & media","Upload failure state and retry","As a writer, I want to retry an image upload that failed, so that a transient error does not lose my image.","On upload rejection, the node is marked status='error' with error=message; the node view hides the progress element and shows a 'Retry upload' button (data-testid=image-retry-button), keeping the preview object-URL visible. Clicking Retry (or calling retry/retryImageUpload command) looks up the retained upload entry by uploadId, re-runs scheduleUpload, and resets the node to status='uploading', progress=0, error=null. If the entry or placeholder no longer exists, retry is a no-op. The mock uploader supports window.__lashImageUploadMock.failNext / mode:'alwaysFail' to force failures for testing.","packages/editor-core/src/extensions/image.ts:138-150, packages/editor-core/src/extensions/image.ts:252-269, packages/editor-core/src/extensions/image.ts:455-469, packages/editor-core/src/extensions/image.ts:594-602, apps/web/lib/createBrowserImageUploader.ts:21-56","implemented","tested","pass","","none","pending",""
"F-C06-05","C06","Images & media","Image resize via width slider","As a writer, I want to resize an inserted image, so that it fits my layout.","The image node view renders a range slider (data-testid=image-width-slider, min=120, max=960, step=10) bound to the node's width attr. 'input' events set the width attr immediately; ArrowLeft/Down decrement and ArrowRight/Up increment by 10 (clamped to min/max) and dispatch the update. The img element's CSS width is set to `${width}px`, and the info span shows 'Width: Npx'. A manually-set width is preserved over the upload-result width.","packages/editor-core/src/extensions/image.ts:491-519, packages/editor-core/src/extensions/image.ts:582-615, packages/editor-core/src/extensions/image.ts:124-131","implemented","tested","pass","","none","pending",""
"F-C06-06","C06","Images & media","Alt text editing","As a writer, I want to add alt text to an image, so that it is accessible.","The node view renders an 'Alt text' button (data-testid=image-alt-edit). Clicking it opens window.prompt seeded with the current alt; if confirmed (non-null) it updates the node's alt attr via setNodeMarkup. The img.alt is set and the info label shows 'Alt: <text>' or 'Alt text missing' when empty.","packages/editor-core/src/extensions/image.ts:476-489, packages/editor-core/src/extensions/image.ts:612-615","implemented","tested","partial","[a11y/low] The 'Alt text' button (data-testid=image-alt-edit) opens window.prompt seeded with the current alt; on non-null confirm it updates the alt attr via setNodeMarkup; img.alt is set and the info label shows 'Alt: <text>' or 'Alt text missing' when empty. Functionally correct per spec. The accessibility gaps: the alt-editing affordance is a native window.prompt (not an accessible in-editor dialog, blocks the main thread, and is unstyled), and the slider has no label and the figure has no role/labelling for the image region.","deferred","n/a","Deferred — unbuilt roadmap subsystem or cross-file follow-up (see DEFERRED.md). Not a shipped-UI defect."
"F-C06-07","C06","Images & media","Lifecycle cleanup (undo, teardown, preview URL leaks)","As a user, I want pending uploads and preview blobs cleaned up when I undo or close the editor, so that no memory leaks or orphaned uploads occur.","appendTransaction detects image nodes removed from the doc (e.g. via undo) and revokes their preview object-URLs, deletes upload entries, and calls their disposers. plugin.view().destroy() sets a destroyed flag, disposes all uploads, and revokes all preview URLs. Deferred (microtask) upload starts from command-path inserts are guarded by startUploadIfPlaceholderAlive, which skips and revokes the preview if the editor was destroyed or the placeholder no longer exists in the doc.","packages/editor-core/src/extensions/image.ts:367-410, packages/editor-core/src/extensions/image.ts:199-217, packages/editor-core/src/extensions/image.ts:276-285","implemented","tested","pass","","none","pending",""
"F-C06-08","C06","Images & media","Markdown image import/export roundtrip","As a writer, I want images to survive Markdown import and export, so that documents roundtrip correctly.","Import: remark 'image' and 'imageReference' nodes are converted to TipTap image nodes with {src, alt}; imageReference resolves src from collected link definitions and warns on missing definitions. Images inside headings are downgraded to alt text with a warning. Export: image nodes with a src are converted to mdast 'imageReference' nodes using a generated identifier 'image-<n>' plus a definition block, so output uses reference-style links (e.g. '[image-1]: https://...'). Images without src are dropped.","packages/editor-core/src/markdown/index.ts:107-123, packages/editor-core/src/markdown/index.ts:156-187, packages/editor-core/src/markdown/index.ts:432-459","implemented","verified","partial","[spec-error/low] Import correctly converts remark 'image' and 'imageReference' nodes to TipTap image nodes with {src, alt}; imageReference resolves src from collected link definitions and warns on a missing definition; images inside headings are downgraded to alt text with a warning. Export emits reference-style images via convertImageToMdast (identifier 'image-<n>', reuses an existing definition for the same src) plus appended 'definition' blocks. Two spec deviations: (1) The spec says 'Images without src are dropped', but this only holds inside paragraph conversion (convertParagraphToMdast checks child.attrs?.src at line 432) — a TOP-LEVEL block image node with empty src is NOT dropped: convertDocNodeToMdast's 'image' case (lines 490-496) unconditionally calls convertImageToMdast, emitting an empty-url reference and a '[image-n]: ' definition. Since the image node is group='block', top-level is the primary path for block images, so src-less images survive export. (2) The import heading-fallback for an imageReference uses definitions.get(identifier)?.title rather than node.alt, so reference images inside headings export their (often absent) definition title, not their alt.","fixed","pass","SPEC-ERROR: story expected_behaviour to be corrected per audit."
"F-C06-09","C06","Images & media","tables-media virtualization & transform pipeline","As a developer, I want a large-table virtualizer and an image upload/transform pipeline, so that big tables and media scale.","The @lash/tables-media package declares TableVirtualizer and UploadPipeline (with upload + resize transform) interfaces, but the factory functions createTableVirtualizer and createUploadPipeline both throw 'not implemented' errors. The file is explicitly marked SCAFFOLD for M5/F4; no real virtualization or server-side image transform exists.","packages/tables-media/src/index.ts:1-39","stub","tested","fail","[logistical/low] The @lash/tables-media package only declares the TableVirtualizer and UploadPipeline (upload + resize transform) interfaces; both factory functions createTableVirtualizer and createUploadPipeline throw 'not implemented' errors. The file header explicitly marks it SCAFFOLD for M5/F4. No real virtualization or server-side image transform exists. This is a developer-facing story and is openly scaffolded, so severity is low, but as written the feature is absent.","deferred","n/a","Deferred — unbuilt roadmap subsystem or cross-file follow-up (see DEFERRED.md). Not a shipped-UI defect."
"F-C07-01","C07","Checklists / task lists","Toggle checklist (task list)","As a writer, I want to convert the current block(s) into a checklist, so that I can track to-do items inline in my document.","Invoking the 'checklist' toolbar command or `lashCommands.toggleChecklist(editor)` runs `editor.chain().focus().toggleTaskList().run()`, wrapping the current selection in a `taskList` node whose items are `taskItem` nodes. Running it again on an active task list unwraps it. The schema is provided by TipTap's TaskListExtension (data-type=taskList) and TaskItemExtension (data-type=taskItem). A new taskItem defaults to `checked: false` (verified by schema-validity unit test).","packages/editor-core/src/schema/base.ts:178,181; packages/editor-core/src/commands.ts:48,118; packages/editor-core/src/toolbar.ts:24,56; packages/testing/unit/editor/schema-validity.test.ts:41-49","implemented","tested","pass","","none","pending",""
"F-C07-02","C07","Checklists / task lists","Keyboard shortcut Mod+Shift+X","As a keyboard-driven user, I want a shortcut to toggle a checklist, so that I can create task lists without leaving the keyboard.","Pressing Mod+Shift+X (Cmd on macOS, Ctrl elsewhere) triggers `this.editor.chain().focus().toggleTaskList().run()` via the LashKeyboardShortcuts extension, toggling the current block to/from a task list. The same hotkey is advertised on the toolbar button (`hotkey: 'Mod+Shift+X'`). Verified end-to-end by the e2e tests which press the shortcut to create the list.","packages/editor-core/src/schema/base.ts:74; packages/editor-core/src/toolbar.ts:24; apps/web/e2e/checklists/checklist-toggle.spec.ts:5,24; apps/web/e2e/checklists/checklist-nesting.spec.ts:5,24","implemented","tested","pass","","none","pending",""
"F-C07-03","C07","Checklists / task lists","Per-item checkbox toggle (independent state)","As a user, I want each checklist item to have its own checkbox I can tick independently, so that checking one item does not affect its sub-items.","Each `taskItem` renders an `input[type='checkbox']` (TaskItem extension). Clicking a checkbox checks only that item: the `<li data-type='taskItem'>` gets `data-checked='true'` and the corresponding node attr `checked` becomes true, while sibling and nested child items keep their own state (parent toggle does NOT propagate to nested children). Verified by checklist-toggle e2e asserting parent checked + child unchecked.","apps/web/e2e/checklists/checklist-toggle.spec.ts:32-48; apps/web/e2e/checklists/checklist-nesting.spec.ts:37-42; packages/editor-core/src/schema/base.ts:181-184","implemented","tested","pass","","none","pending",""
"F-C07-04","C07","Checklists / task lists","Nesting and outdenting checklist items (Tab / Shift+Tab)","As a user, I want to indent and outdent checklist items, so that I can build hierarchical task lists.","TaskItemExtension is configured with `nested: true`. Pressing Tab on a task item nests it as a descendant of the preceding taskItem (the item's closest `li[data-type='taskItem']` ancestor becomes another task item). Pressing Shift+Tab outdents it back to top level (its grandparent no longer has data-type='taskItem'). Item count is preserved across nesting/outdenting. Verified by checklist-nesting e2e.","packages/editor-core/src/schema/base.ts:181-182; apps/web/e2e/checklists/checklist-nesting.spec.ts:27-56","implemented","tested","pass","","none","pending",""
"F-C07-05","C07","Checklists / task lists","Checklist toolbar button (active state + icon)","As a user, I want a labelled checklist button in the toolbar that reflects whether my cursor is in a checklist, so that I can discover and toggle the feature visually.","The toolbar exposes a 'Checklist' button (id 'checklist', group 'blocks', icon glyph '☑︎' in the spec, rendered with the 'list-check' icon in the web app). `isToolbarButtonActive` returns `editor.isActive('taskList')` for the checklist button so it highlights when the selection is inside a task list. Clicking it runs the toggleChecklist command.","packages/editor-core/src/toolbar.ts:24,56-57; packages/editor-core/src/commands.ts:118-119; apps/web/components/editor/panels/EditorToolbar.tsx:40,75-84","implemented","tested","pass","","none","pending",""
"F-C07-06","C07","Checklists / task lists","Markdown import of checklists","As a user, I want pasted/imported GFM task lists to become editable checklists, so that my Markdown to-do lists are preserved.","During `parseMarkdownToDoc`, a Markdown list is treated as a task list when any list item has a non-null `checked` value (GFM `- [x]` / `- [ ]`). Such lists become `taskList` nodes and each item becomes a `taskItem` with `attrs.checked = Boolean(item.checked)`; non-task lists remain bullet/ordered lists.","packages/editor-core/src/markdown/index.ts:204-209,302-314; packages/editor-core/src/markdown/index.ts:189-216","implemented","tested","pass","","none","pending",""
"F-C07-07","C07","Checklists / task lists","Markdown export of checklists","As a user, I want my checklists exported back to GFM task-list syntax, so that round-tripping a document preserves checked/unchecked items.","During `serializeDocToMarkdown`, a `taskList` node is converted to an mdast List whose `listItem`s carry `checked: Boolean(item.attrs.checked)`, producing GFM `- [x]` / `- [ ]` lines. Round-trip unit test confirms `- [x] Setup repo` survives import then export with no warnings.","packages/editor-core/src/markdown/index.ts:486-489,531-543; packages/testing/unit/editor/markdown-roundtrip.test.ts:12-13,38","implemented","tested","pass","","none","pending",""
"F-C08-01","C08","Chips (internal links)","Auto-convert internal-doc URL to chip on paste","As a document author, I want pasted internal document URLs to automatically become styled link chips, so that internal references look clean and are recognizably distinct from plain links.","A paste rule matches URLs of the form https://lash.local/doc/<docId> (regex INTERNAL_DOC_URL_REGEX). On paste, the matched URL is replaced with an inline atom `chip` node whose attrs are kind='doc', refId=<docId> (capture group 1), href=<full URL>, display=<URL initially>, iconUrl=null, lastEditor=null. The chip renders as an `<a class=""lash-chip"">` pill with a document icon and label. E2E confirms a `chip` node appears with data-ref-id and data-chip-kind='doc'.","packages/editor-core/src/extensions/chip.ts:30,254-260,382-429; apps/web/e2e/chips/chip-autoconvert.spec.ts:9-66","implemented","tested","pass","","none","pending",""
"F-C08-02","C08","Chips (internal links)","Async chip metadata resolution","As a document author, I want a freshly created chip to fill in the real document title, icon, and last editor, so that the chip shows meaningful info rather than the raw URL.","After a chip is created via paste, if a `resolveDocChip(docId)` option is configured and the refId is not already resolving, a microtask calls the resolver. On success it walks the whole doc and updates every chip with matching refId, setting display=result.title, iconUrl, lastEditor (via setNodeMarkup with addToHistory=false so it is not undoable). A `resolving` Set dedupes concurrent resolves per refId; resolver errors are swallowed (chip keeps URL display); refId is removed from the Set in finally. The web app wires a resolver returning title `Internal Doc <docId>` and lastEditor `Test User`. E2E confirms the label updates to the resolved title.","packages/editor-core/src/extensions/chip.ts:60-84,267-271,389-417; apps/web/components/editor/EditorWorkspace.tsx:574-579; apps/web/e2e/chips/chip-autoconvert.spec.ts:39-40","implemented","tested","pass","","none","pending",""
"F-C08-03","C08","Chips (internal links)","Hover preview popover","As a reader, I want to hover over an internal-doc chip and see a preview, so that I can learn the document's title and who last edited it without navigating away.","The chip NodeView appends a `lash-chip-preview` tooltip element (role=tooltip). On mouseenter of the wrapper (or chip focus) an 80ms timer shows the popover: display becomes inline-flex with data-visible='true', the title element shows the chip's display label, and the editor element shows `Last edited by <lastEditor>` (or 'Loading...' when lastEditor is null). On mouseleave (or blur) the timer is cleared and the popover hidden. E2E confirms the preview becomes visible with title and 'Last edited by Test User'.","packages/editor-core/src/extensions/chip.ts:127-143,158-161,209-234,215-224;,226-234; apps/web/e2e/chips/chip-hover.spec.ts:9-50","implemented","tested","pass","","none","pending",""
"F-C08-04","C08","Chips (internal links)","Click chip to navigate","As a reader, I want to click an internal-doc chip to open the referenced document, so that I can follow internal links.","The chip anchor handles click: for a plain left-click (button 0, no meta/ctrl/shift), it preventDefault/stopPropagation and calls window.location.assign(href) to navigate in the same tab. Clicks with modifier keys or non-primary buttons are ignored (fall through to default browser behavior). If href is empty, nothing happens.","packages/editor-core/src/extensions/chip.ts:145-156,17","implemented","tested","pass","","none","pending",""
"F-C08-05","C08","Chips (internal links)","Revert chip to plain link (Cmd/Ctrl+K)","As a document author, I want to revert a chip back to a plain link, so that I can undo the auto-conversion when I prefer a normal hyperlink.","When the caret is inside or adjacent to a chip (detected via findChipAtSelection checking nodeAfter/nodeBefore), pressing Mod-k runs revertChipAtSelection: the chip node is replaced with a text node containing its display label carrying a `link` mark with href=chip.href (or plain text if the link mark is unavailable), and the selection is placed after the inserted text. If no chip is at the selection, the shortcut returns false (no-op, passes through). E2E confirms the chip is removed and a linked text node with the original URL href and resolved title remains.","packages/editor-core/src/extensions/chip.ts:237-252,360-378,431-441; apps/web/e2e/chips/chip-revert.spec.ts:9-110","implemented","tested","pass","","none","pending",""
"F-C08-06","C08","Chips (internal links)","insertDocChip command","As an integrator, I want a command to programmatically insert a doc chip, so that chips can be created from sources other than paste.","The `insertDocChip(attrs)` command (requires refId and href) creates a chip node with kind='doc', display defaulting to href, iconUrl/lastEditor defaulting to null, and replaces the current selection with it (replaceSelectionWith, no scroll). Registered as a TipTap command on the `chip` namespace. It does not itself trigger metadata resolution (resolution is paste-rule only).","packages/editor-core/src/extensions/chip.ts:341-359,444-453","implemented","tested","pass","","none","pending",""
"F-C08-07","C08","Chips (internal links)","Chip HTML parse/serialize round-trip","As a document author, I want chips to persist across save/load and copy/paste of editor HTML, so that internal links survive serialization.","Chips parse from `a[data-chip-kind]` anchors, reading attrs from data-ref-id, data-icon-url, data-last-editor, href, and text content (display). renderHTML emits an `<a class=""lash-chip"" data-testid=""lash-chip"">` with merged attributes (data-chip-kind, data-ref-id, optional data-icon-url/data-last-editor/href) and the display (or href/'document') as text content.","packages/editor-core/src/extensions/chip.ts:273-333","implemented","tested","pass","","none","pending",""
"F-C09-01","C09","Mentions (users/groups) & privacy","Inline mention node schema","As a document author, I want mentions to be stored as structured inline nodes, so that they render consistently and carry machine-readable metadata.","A TipTap inline atom node `mention` carries attrs kind (default 'user'), refId, display, and optional iso. It renders as `<span data-type=""mention"" class=""lash-inline-mention"" data-testid=""lash-inline-mention"">` with data-kind/data-ref-id/data-display (and data-iso when present), a title attribute (iso or display), and visible text `@<display>`. renderText emits `@<display>`. It parses back from `span[data-type=""mention""]`.","packages/editor-core/src/schema/mentions.ts:17-71, apps/web/e2e/mentions/mention-real-editor.spec.ts:30-42","implemented","tested","pass","","none","pending",""
"F-C09-02","C09","Mentions (users/groups) & privacy","Mention extension options not wired to suggestion plugin","As an editor integrator, I want to pass user/group providers into the editor so the editor itself offers in-document mention suggestions.","LashMentionOptions declares context and providers (user/group) and the file comment promises 'the suggestion plugin queries this', but buildMentionExtensions ignores its argument (`_options`) and returns only the bare LashMention node. No TipTap suggestion plugin exists; in-editor suggestion is instead handled entirely by the separate React MentionPanel, not by the editor extension.","packages/editor-core/src/schema/mentions.ts:11-15,73, packages/editor-core/src/schema/index.ts:16-36","stub","verified","fail","[logistical/low] LashMentionOptions declares `context` and user/group `providers`, and the option's inline comment promises 'the suggestion plugin queries this' (mentions.ts:11-15), but buildMentionExtensions ignores its argument (`_options`) and returns only the bare LashMention node (mentions.ts:73). No TipTap @tiptap/suggestion plugin is registered. createLashEditorExtensions passes options.mentions into buildMentionExtensions (schema/index.ts:35) where it is silently dropped. In-editor suggestion is delivered entirely by the separate React MentionPanel, so the documented editor-level provider wiring is dead/unreachable config. This matches the spec, which explicitly classifies F-C09-02 as a 'stub', so users still get suggestions via the panel; severity is low because the gap is dead config, not a user-facing break.","fixed","pass","Misleading providers comment corrected (React MentionPanel drives suggestions; API kept stable)."
"F-C09-03","C09","Mentions (users/groups) & privacy","User mention suggestions","As a writer, I want to type @<name> and get matching user suggestions, so that I can quickly reference people.","When currentText ends with `@<query>` (1-40 non-@ chars), MentionPanel resolves via createUserMentionProvider. The provider calls users.search(query) and routes each candidate through RBAC (policy.decide mention.see). Visible candidates render as `mention-suggestion` buttons showing the display name with data-kind='user'. In the demo, querying a prefix of 'ada lovelace' returns Ada Lovelace.","apps/web/components/editor/panels/MentionPanel.tsx:42,62-70,86-116,146-158, packages/mentions/src/index.ts:46-59, apps/web/e2e/mentions/mention-suggest.spec.ts:22-23","implemented","tested","pass","","none","pending",""
"F-C09-04","C09","Mentions (users/groups) & privacy","Group mention suggestions","As a writer, I want to mention groups/teams, so that I can reference a set of people at once.","createGroupMentionProvider calls groups.search(query), routes each through RBAC, and visible groups render as `mention-suggestion` buttons with data-kind='group'. Demo data includes 'Design Team' (visible) and 'Secret Group'. Both user and group providers are resolved in parallel and their visible results merged into the suggestions list.","apps/web/components/editor/panels/MentionPanel.tsx:71-83,103-111, packages/mentions/src/index.ts:61-73, apps/web/e2e/mentions/mention-suggest.spec.ts:26-27","implemented","tested","pass","","none","pending",""
"F-C09-05","C09","Mentions (users/groups) & privacy","Natural-date mention parsing","As a writer, I want to type a natural date like 'next Friday at 3pm', so that it becomes a structured date reference.","parseDateMention matches /^next <weekday>(at)? <h>(:mm)?(am|pm)?$/ (case-insensitive). It computes the next occurrence of that weekday from ctx.now (always strictly future, distance `||7`), applies am/pm to a 24h hour, and produces an ISO timestamp with timezone offset (Asia/Tokyo -> +09:00, else Z) plus a locale-formatted display via Intl.DateTimeFormat. Returns a visible date mention {kind:'date', refId:`date:<iso>`, display, iso}; non-matches return null. In MentionPanel a matched date short-circuits user/group resolution and becomes the sole suggestion. E2E: 'next Friday at 3pm' -> data-iso 2026-05-22T15:00:00+09:00.","packages/mentions/src/index.ts:75-136, apps/web/components/editor/panels/MentionPanel.tsx:96-101, apps/web/e2e/mentions/mention-real-editor.spec.ts:68-70","implemented","tested","pass","","none","pending",""
"F-C09-06","C09","Mentions (users/groups) & privacy","Insert mention chip into editor","As a writer, I want clicking a suggestion to replace my typed @query with a mention, so that the reference is committed to the document.","Clicking a suggestion button calls insertMention: it appends the mention to the `mention-chip-list` (rendered with data-kind and title=iso||display) and, if an editor is present, deletes the active `@<trigger>` range and inserts a `mention` node (kind/refId/display/iso) followed by a space via editor.chain().focus().deleteRange().insertContent().run(). E2E confirms the typed query is removed and an inline mention with correct attrs/text appears.","apps/web/components/editor/panels/MentionPanel.tsx:118-142,169-181, apps/web/e2e/mentions/mention-insert.spec.ts:16-18, apps/web/e2e/mentions/mention-real-editor.spec.ts:26-50,68-71","implemented","tested","pass","","none","pending",""
"F-C09-07","C09","Mentions (users/groups) & privacy","RBAC hide/anonymize of mentions","As a privacy-conscious user, I want mentions I'm not allowed to see to be hidden and anonymized, so that confidential people/groups are not leaked.","Every user/group candidate is routed through policy.decide(caller, 'mention.see', {kind:'mention', refId}). On deny the result is {visible:false, anonymizedDisplay:`@hidden-<kind>`} carrying no refId/display (discriminated union enforces this). MentionPanel splits results: visible -> suggestion buttons, hidden -> `mention-anonymized` spans showing the opaque token. The demo policy hides any refId containing 'secret', so 'Secret Group' is never shown by name and surfaces as '@hidden-group'. The RBAC policy engine returns reason 'redacted' for denied mention targets.","packages/mentions/src/index.ts:31-44, packages/rbac/src/index.ts:88-92, apps/web/components/editor/panels/MentionPanel.tsx:35-40,57-59,109-110,159-167, apps/web/e2e/mentions/mention-rbac-hide.spec.ts:15-16, apps/web/e2e/mentions/mention-privacy.spec.ts:15-16, apps/web/e2e/mentions/mention-anonymized.spec.ts:15","implemented","tested","pass","","none","pending",""
"F-C09-08","C09","Mentions (users/groups) & privacy","Hardcoded demo providers/policy in panel","As a product owner, I want mentions backed by real user/group directories and the caller's identity, so that suggestions reflect actual org data and permissions.","MentionPanel constructs the policy engine and providers with hardcoded stub data: callerId 'local-user', fixed locale en-US, timezone Asia/Tokyo, fixed now '2026-05-16', revocations always false, a visibility rule that denies any target whose refId contains 'secret', and search functions returning a single canned Ada Lovelace user and two canned groups. There is no backend/API integration for real directories or the real caller identity.","apps/web/components/editor/panels/MentionPanel.tsx:21-26,53-84","partial","verified","partial","[ux/medium] MentionPanel constructs the policy engine and providers entirely from hardcoded stub data: callerId 'local-user', fixed locale en-US, timezone Asia/Tokyo, fixed now '2026-05-16T00:00:00.000Z' (lines 21-26); revocations always false; a visibility rule denying any non-doc target whose refId contains 'secret'; a user search returning only a canned Ada Lovelace; and a group search returning canned Design Team / Secret Group (lines 53-84). There is no backend/API integration for real directories or the real caller identity, so suggestions are fabricated fixture data presented as if real. The fixed `now` makes natural-date parsing (parseDateMention) compute dates relative to 2026-05-16 rather than the actual current time. Additionally there is no loading, empty-result ('no matches'), or error state around the async provider resolution: the Promise.all has no .catch and the render (144-183) has no empty/loading/error branch, so a failed or empty search silently renders empty suggestion containers. Partial because the wiring works mechanically but does not meet the product-owner expectation of real org data/permissions.","partial","partial","Partial: in-file fix applied; real backend/directory deferred."
"F-C10-01","C10","Natural-date mentions","Natural-language date parsing (""next <weekday> <time>"")","As a document author, I want to type a phrase like ""next Friday 3pm"" after @, so that I can insert a structured date mention without manually picking a date.","parseDateMention(input, ctx) lowercases/trims the input and matches the regex /^next\s+(\w+)(?:\s+at)?\s+(\d{1,2})(?::(\d{2}))?\s*(am|pm)?$/. It supports weekday names sunday..saturday, an optional ""at"", a 1-2 digit hour, optional :MM minutes, and optional am/pm. If the string does not match the pattern or the weekday is unknown, it returns null. On match it resolves the NEXT occurrence of that weekday (strictly in the future: distance = (weekday - today + 7) % 7 || 7, so the same weekday today maps to 7 days later). 12-hour normalization: ""pm"" with hour<12 adds 12; ""am"" with hour==12 becomes 0. Returns a visible date mention {visible:true, kind:'date', refId:`date:<iso>`, display, iso}. Example: input 'next Friday 3pm' with now=2026-05-16 yields iso '2026-05-22T15:00:00+09:00' (Asia/Tokyo).","packages/mentions/src/index.ts:95-136, packages/testing/unit/mentions/mention-date-parse.test.ts:5-17","implemented","tested","pass","","none","pending",""
"F-C10-02","C10","Natural-date mentions","Deterministic 'now' test seam for date resolution","As a developer/tester, I want to pin the current time when parsing relative dates, so that natural-date parsing is deterministic and testable.","MentionContext exposes an optional `now` string. parseDateMention reads ctx.now (parsed via new Date(ctx.now)) as the reference 'today', falling back to new Date() when absent. The base day is computed in UTC from the year/month/date of `now`, making weekday math independent of wall-clock time. Tests pass now='2026-05-16T00:00:00.000Z' to get reproducible results.","packages/mentions/src/index.ts:21-22,107-110, packages/testing/unit/mentions/mention-date-parse.test.ts:9","implemented","tested","pass","","none","pending",""
"F-C10-03","C10","Natural-date mentions","Timezone-aware ISO output","As a user in a specific timezone, I want my inserted date mention to carry the correct UTC offset, so that the time means the same thing to all collaborators.","The ISO string is built as `<YYYY-MM-DD>T<HH>:<MM>:00<offset>` where the offset comes from timezoneOffset(ctx.timezone): 'Asia/Tokyo' -> '+09:00', 'UTC' -> 'Z', and ANY other timezone also falls back to 'Z'. So offsets are only correct for the two hard-coded zones; all other IANA zones silently emit a 'Z' (UTC) offset even though the display below uses the real timeZone, producing a mismatch for unsupported zones.","packages/mentions/src/index.ts:87-91,118-119","partial","verified","partial","[bug/medium] timezoneOffset (packages/mentions/src/index.ts:87-91) only handles two hard-coded zones: 'Asia/Tokyo' -> '+09:00' and 'UTC' -> 'Z'; EVERY other IANA zone falls through to the final `return 'Z'`. The ISO is assembled at line 119 as `<date>T<HH>:<MM>:00<offset>` using that offset, while the display at lines 120-127 formats `new Date(iso)` with the REAL timeZone: ctx.timezone. For any unsupported zone (e.g. America/New_York), the wall-clock hour the user typed is stamped with a UTC 'Z' offset, so the stored absolute instant is wrong AND the display re-renders that instant in the real zone, yielding a label that disagrees with the typed time. This breaks the story goal that the time 'means the same thing to all collaborators'.","fixed","pass",""
"F-C10-04","C10","Natural-date mentions","Locale-aware date-chip display formatting","As a user with a given locale, I want the date chip label rendered in my language/format, so that the mention reads naturally for me.","The human-readable `display` is produced with new Intl.DateTimeFormat(ctx.locale, {weekday:'short', month:'short', day:'numeric', hour:'numeric', minute:'2-digit', timeZone: ctx.timezone}). The formatter uses both the caller locale and timezone. Example: locale 'ja-JP' / Asia/Tokyo for 'next Friday 3pm' produces a display containing '5月22日'; locale 'en-US' produces an English short-form label.","packages/mentions/src/index.ts:120-127, packages/testing/unit/mentions/mention-date-locale.test.ts:5-17","implemented","tested","pass","","none","pending",""
"F-C10-05","C10","Natural-date mentions","Date mentions bypass RBAC (always visible)","As a user, I want date mentions to always render without permission checks, so that inserting a date never gets anonymized.","Unlike user/group providers which route through PolicyEngine and may return {visible:false, anonymizedDisplay}, parseDateMention is a pure function that returns a {visible:true} MentionResolveResult with no policy call (dates are not access-controlled, per the code comment).","packages/mentions/src/index.ts:93-94,129-135","implemented","tested","pass","","none","pending",""
"F-C10-06","C10","Natural-date mentions","Date suggestion wiring in the mention panel","As a user typing @next Friday 3pm in the editor, I want a date suggestion chip to appear, so that I can insert the parsed date.","MentionPanel watches the current text for a trailing @<query> (regex /@([^@\n]{1,40})$/), trims the query, and calls parseDateMention(query, context). If it returns a visible date, the panel sets that single date as the suggestion list and clears anonymized results, short-circuiting before the user/group provider lookups. Otherwise it falls through to user/group resolution.","apps/web/components/editor/panels/MentionPanel.tsx:87-101","implemented","verified","partial","[ux/low] MentionPanel.tsx matches a trailing @<query> via /@([^@\n]{1,40})$/ (line 87), trims it (line 95), calls parseDateMention (line 96), and on a visible date sets that single suggestion and clears anonymized results, short-circuiting before user/group lookups (lines 97-101). The button has onClick -> insertMention (line 154) and insertMention is correctly wired (lines 118-142). The wiring itself is correct. The real gap: the MentionContext passed to parseDateMention and the providers is a module-level constant (lines 21-26) hardcoded with now:'2026-05-16T00:00:00.000Z' and timezone:'Asia/Tokyo'. In production this resolves 'next Friday' relative to a frozen fake May 2026 date in Tokyo time, so real users get a wrong date and zone. Demo/test scaffolding is leaking into the shipped panel.","fixed","pass",""
"F-C11-01","C11","Suggest mode","Suggest-mode toggle in toolbar","As a reviewer, I want to toggle suggest mode on/off from the top bar, so that my edits are recorded as suggestions instead of direct changes.","The TopBar renders a button (data-testid=""suggest-mode-toggle"", aria-label ""Suggest mode"") whose aria-pressed/data-active reflect the suggestMode boolean and tooltip switches between ""Suggest mode"" and ""Stop suggesting"". Clicking it calls onToggleSuggestMode, which in EditorWorkspace flips isSuggestMode via setIsSuggestMode((v)=>!v). The current value is mirrored into suggestModeRef (used by the async history writer). While active, the document header shows a coral ""Suggesting"" indicator with a pencil icon.","apps/web/components/shell/TopBar.tsx:106-114; apps/web/components/editor/EditorWorkspace.tsx:342,377,507-508,1556-1559,1661-1676","implemented","tested","pass","","none","pending",""
"F-C11-02","C11","Suggest mode","Edits recorded as suggestions while in suggest mode","As a reviewer, I want my typed changes to be captured as pending suggestions, so that the document owner can review them before they become permanent.","The debounced history recorder appends a history entry on each editor transaction. The entry's intent is set to 'suggest' when suggestModeRef.current is true, otherwise 'edit' (EditorWorkspace:780). These suggest entries show up in the History panel; in the diff view the per-span data-intent attribute is set from the diff span's intent, so inserted text carries data-intent=""suggest"" and the hover title reads ""<author> | suggest"". Note: suggestions are tracked at the history-store level (a separate version entry), NOT via inline ProseMirror suggestion marks.","apps/web/components/editor/EditorWorkspace.tsx:760-792; apps/web/components/editor/panels/HistoryPanel.tsx:75-105; apps/web/e2e/suggest-mode/suggest-visuals.spec.ts:9-23","implemented","tested","pass","","none","pending",""
"F-C11-03","C11","Suggest mode","Pending/Accepted/Rejected suggestion status display","As a document owner, I want to see whether a suggestion is pending, accepted, or rejected, so that I know its review state at a glance.","For a selected history entry whose intent === 'suggest', HistoryPanel renders a status line (data-testid=""history-suggestion-status""). It reads ""Rejected suggestion"" if a resolution record with action 'rejected' exists for that entry, ""Accepted suggestion"" if the entry id is in acceptedSuggestionIds, else ""Pending suggestion"".","apps/web/components/editor/panels/HistoryPanel.tsx:145-150,271-279","implemented","tested","pass","","none","pending",""
"F-C11-04","C11","Suggest mode","Accept a suggestion","As a document owner, I want to accept a suggestion, so that the suggested text becomes a permanent part of the document.","When intent==='suggest' and not yet accepted, HistoryPanel shows an Accept button (data-testid=""suggest-accept-button""). Clicking calls handleAcceptSuggestion: it appends a new history entry with a set_attr op on nodeId `suggestion:<entryId>` ({accepted:true}) and intent 'edit', advances the history head, records a 'accepted' resolution (recordSuggestionResolution), adds the entry id to acceptedSuggestionIds, and refreshes the version list/blame. The suggested text remains in the editor (no content replacement). Status flips to ""Accepted suggestion"".","apps/web/components/editor/EditorWorkspace.tsx:1040-1072; apps/web/components/editor/panels/HistoryPanel.tsx:293-303; apps/web/e2e/suggest-mode/suggest-accept.spec.ts:9-18","implemented","tested","pass","","none","pending",""
"F-C11-05","C11","Suggest mode","Reject a suggestion","As a document owner, I want to reject a suggestion, so that the suggested text is removed and the document reverts to its prior state.","Clicking the Reject button (data-testid=""suggest-reject-button"") calls handleRejectSuggestion: it loads the entry's parent revision text, and if current text differs, appends a replace_text op restoring parent text (intent 'edit'), applies that content to the editor via setContent (guarded by applyingHistoryRef), advances the head, records a 'rejected' resolution, and refreshes versions/blame. Net effect: the suggested text disappears from the editor and a new version is added. Status shows ""Rejected suggestion"".","apps/web/components/editor/EditorWorkspace.tsx:1074-1109; apps/web/components/editor/panels/HistoryPanel.tsx:304-313; apps/web/e2e/suggest-mode/suggest-reject.spec.ts:9-31","implemented","verified","partial","[ux/low] Reject works correctly: handleRejectSuggestion (EditorWorkspace.tsx:1074-1109) loads the parent revision text, appends a replace_text op restoring it (intent 'edit') guarded by `currentText === targetText`, applies it via setContent under applyingHistoryRef, advances the head with commitHistoryHead, records a 'rejected' resolution, and refreshes versions/blame. However the Accept/Reject action buttons (HistoryPanel.tsx:293) are gated only on `selectedEntry.intent === 'suggest' && !selectedSuggestionAccepted`, with no check for an existing 'rejected' resolution. The status line (HistoryPanel.tsx:273) DOES account for `selectedSuggestionResolution?.action === 'rejected'`. Since reject records a resolution but never touches acceptedSuggestionIds, selectedSuggestionAccepted stays false; re-selecting the original suggest entry re-shows the Accept/Reject buttons while the status reads 'Rejected suggestion'. Status and action gate are inconsistent.","fixed","pass",""
"F-C11-06","C11","Suggest mode","Durable, collaborative suggestion resolutions","As a collaborator, I want accept/reject decisions to persist across reloads and sync to other users, so that suggestion outcomes are not lost.","Each accept/reject produces a SuggestionResolutionRecord {id, entryId, action, ts, actorId}. publishSuggestionResolutions writes records to localStorage (key lash:suggestion-resolutions:<docId>) and, when realtime collaboration is active, to a shared Y.Map ('lash:suggestion-resolutions'). On mount it hydrates from the Y.Map (or localStorage), listens for storage and Y.Map observe events to merge remote changes, and derives acceptedSuggestionIds. Resolutions render as rows (data-testid=""suggestion-resolution-row"") showing ""<action> suggestion"" and actorId. E2E confirms accepted/rejected rows survive page reload.","apps/web/components/editor/EditorWorkspace.tsx:194-291,417-478,1023-1038; apps/web/components/editor/panels/HistoryPanel.tsx:221-236; apps/web/e2e/suggest-mode/suggest-durable.spec.ts:30-86","implemented","tested","pass","","none","pending",""
"F-C11-07","C11","Suggest mode","Suggest share scope / capability gating","As a document owner, I want to grant a collaborator suggest-level access, so that they can comment and suggest but not directly edit.","ShareScope includes 'suggest'. SharePanel offers a ""Create suggest link"" button (data-testid=""share-create-suggest"") that issues a link with scope 'suggest'. capabilitiesForScope('suggest') grants doc.comment and doc.suggest but not doc.edit. inviteAccess exposes canSuggest/canComment/canEdit, and the panel renders share-can-suggest (yes), share-can-comment (yes), share-can-edit (no) for a suggest link. E2E verifies ""Access granted: suggest"" with comment+suggest yes, edit no.","packages/types/src/index.ts:253; packages/rbac/src/index.ts:101-130; apps/web/lib/inviteAccess.ts:189-192; apps/web/components/editor/panels/SharePanel.tsx:150,172-173,272; apps/web/e2e/share/share-suggest-scope.spec.ts:5-12","implemented","fixed","partial","[spec-error/low] The 'suggest' scope satisfies the story as literally written: SharePanel issues a suggest link (share-create-suggest, SharePanel.tsx:172-173), capabilitiesForScope('suggest') grants doc.read/history.read/mention.see/chip.preview + doc.comment + doc.suggest but NOT doc.edit, and the panel renders share-can-suggest=yes / share-can-comment=yes / share-can-edit=no. However the implied tiering (suggest as a step up from comment) does not exist: capabilitiesForScope('comment') returns the IDENTICAL capability set including doc.suggest, so 'comment' and 'suggest' scopes are functionally indistinguishable in capabilities. The differentiation between a comment link and a suggest link is cosmetic/labeling only.","spec-corrected","n/a","SPEC-ERROR: story expected_behaviour to be corrected per audit. Spec-corrected: code is intentional; the story expected_behaviour was over-claimed (see DEFERRED.md/ERRORS.md). No code defect."
"F-C11-08","C11","Suggest mode","Inline suggestion marks (inserted/deleted) in editor schema","As a reviewer, I want suggested insertions and deletions rendered inline within the document with author/timestamp hover info, so that tracked changes appear in context like classic track-changes.","The editor-core module schema/suggest.ts documents 'inserted'/'deleted' marks plus an Accept/Reject command set with hover surfacing author+ts+action, gated by a LashSuggestOptions.enabled toggle. However buildSuggestExtensions() unconditionally returns an empty Extensions array, so no suggestion marks, commands, or inline visuals are registered with TipTap. The shipped suggest-mode feature instead operates entirely at the history/version layer (intent='suggest'), not via these marks.","packages/editor-core/src/schema/suggest.ts:1-21; packages/editor-core/src/schema/index.ts:17,37","stub","tested","fail","[logistical/medium] schema/suggest.ts documents 'inserted'/'deleted' marks and an Accept/Reject command set gated by LashSuggestOptions.enabled, but buildSuggestExtensions() unconditionally returns an empty Extensions array (`export const buildSuggestExtensions = (_options?: LashSuggestOptions): Extensions => [];`, suggest.ts:20). It is spread into createLashEditorExtensions (schema/index.ts:37) but contributes nothing. No suggestion marks, commands, or inline track-changes visuals are registered with TipTap. The classic inline track-changes UX described in the story does not exist; shipped suggest mode operates entirely at the history/version layer (intent='suggest'). The CSV already labels this status='stub'.","deferred","n/a","Deferred — unbuilt roadmap subsystem or cross-file follow-up (see DEFERRED.md). Not a shipped-UI defect."
"F-C12-01","C12","History timeline / snapshots / restore","Append-only history log","As a document author, I want every edit committed as an immutable, ordered log entry, so that I have a complete and tamper-resistant record of how the document evolved.","createHistoryStore().append(input) validates schemaVersion and at least one op, enforces optimistic concurrency by rejecting with reason 'parent-mismatch' (returning currentHead) when input.expectedParentSha != stored head, replays the ops against the base doc to compute resultDoc, hashes it via hashCanonical to get resultSha, and pushes a new HistoryEntry with monotonically increasing seq/lamport (entries.length+1), id `history:<docId>:<seq>:<sha[0..12]>`, parentSha, ts, actor, ops (cloned), intent and audit. Older entries are never mutated or removed; the new resultSha becomes head. EditorWorkspace wires this for local edits (line 774), AI patches, accept/reject suggestion, and restore.","packages/history/src/index.ts:173-228, packages/history/src/index.ts:147-148, apps/web/components/editor/EditorWorkspace.tsx:774, apps/web/components/editor/EditorWorkspace.tsx:1140-1179","implemented","tested","pass","","none","pending",""
"F-C12-02","C12","History timeline / snapshots / restore","Version timeline panel","As a collaborator, I want to open a timeline listing every saved version, so that I can browse the document's revision history and pick a version to inspect.","HistoryPanel renders a section labelled History with a count ('N versions'/'1 version') and an ordered list of visible entries; each entry is a button labelled 'Version <seq>' plus either 'Restored' (when restoredFromVersion set) or the entry intent. Clicking a version fires onSelect(entryId) and marks it data-selected/aria-pressed. When no entries match it shows 'No edits recorded yet.' The selected entry defaults to the matching id or the last visible entry. Returns null when open=false.","apps/web/components/editor/panels/HistoryPanel.tsx:132-263, apps/web/components/editor/panels/HistoryPanel.tsx:139-140","implemented","tested","pass","","none","pending",""
"F-C12-03","C12","History timeline / snapshots / restore","Deterministic version diff display","As a reviewer, I want to see exactly what text changed in a selected version, so that I can understand each revision at a glance.","For the selected entry the panel calls computeDiff(parentSha, resultSha, entries). computeDiff materializes both states by replaying all entries' ops from EMPTY_HISTORY_DOC, then performs a prefix/suffix common-substring diff producing unchanged/deleted/inserted spans (each with stable id, plus authorId/actorType/intent/ts metadata). The panel renders inserted spans as <ins> and deleted as <del> with author/intent data attributes, plus an sr-only aria-live announcement summarizing inserted/deleted text. computeDiff throws if from/to sha is unknown.","packages/history/src/index.ts:307-383, packages/history/src/index.ts:293-305, apps/web/components/editor/panels/HistoryPanel.tsx:141-143, apps/web/components/editor/panels/HistoryPanel.tsx:75-112, apps/web/components/editor/panels/HistoryPanel.tsx:280-291","implemented","tested","pass","","none","pending",""
"F-C12-04","C12","History timeline / snapshots / restore","Restore a prior version (non-destructive)","As an author, I want to restore the document to an earlier version, so that I can undo unwanted changes without losing later history.","Clicking Restore (enabled only when an editor exists) calls onRestore(selectedEntry) -> handleRestoreHistoryEntry, which calls historyStore.restore(docId, entry.resultSha, actor, audit). restore() reads current and target states, then appends a NEW head entry whose op is replace_text(0..currentText.length, targetText) with restoredFromVersion=targetSha and intent 'edit' — original history is preserved. The workspace then loadAt()s the new resultSha, sets the editor content to the restored text, commits the new head, refreshes entries, selects the new entry, and recomputes blame lines. restore returns schema-invalid if the target/current sha is unknown.","packages/history/src/index.ts:250-276, apps/web/components/editor/panels/HistoryPanel.tsx:315-323, apps/web/components/editor/EditorWorkspace.tsx:1111-1138","implemented","tested","pass","","none","pending",""
"F-C12-05","C12","History timeline / snapshots / restore","Load document state at a specific version","As the editor application, I want to retrieve the full document text at any recorded version sha, so that I can reconstruct or preview historical states.","historyStore.loadAt(docId, sha) returns a deep clone of the stored state for that sha (states are populated on append/restore and seeded with EMPTY_HISTORY_DOC), throwing 'history.loadAt: unknown version <sha>' for unknown shas. EditorWorkspace uses loadAt to read the parent text when rejecting a suggestion and the restored text after a restore.","packages/history/src/index.ts:243-249, apps/web/components/editor/EditorWorkspace.tsx:1079-1081, apps/web/components/editor/EditorWorkspace.tsx:1121-1126","implemented","tested","pass","","none","pending",""
"F-C12-06","C12","History timeline / snapshots / restore","History filtering by author and time","As a collaborator, I want to filter the timeline by author or to the last 7 days, so that I can focus on relevant revisions.","The panel renders one filter button per distinct actor.id plus a 'Last 7 days' toggle. Selecting an author calls onSetAuthorFilter and narrows visibleEntries to that actor.id; the time filter keeps only entries with ts within SEVEN_DAYS_MS of now (invalid ts excluded). Active filters show a clear chip and a 'N matching versions' count. The store's list() also supports authorId/authorType/intent/since/until filtering server-side. A 'Copy link' button (enabled only when a filter is active) calls onCopyFilterLink -> handleCopyHistoryFilterLink, which builds a URL with historyAuthor/historyTime query params, mirrors it to window.__lashLastHistoryFilterLink, and copies it to the clipboard with a fallback, recording ok/failed in __lashLastCopyResult.","apps/web/components/editor/panels/HistoryPanel.tsx:42-47, apps/web/components/editor/panels/HistoryPanel.tsx:134-219, packages/history/src/index.ts:232-242, apps/web/components/editor/EditorWorkspace.tsx:998-1021","implemented","tested","pass","","none","pending",""
"F-C12-07","C12","History timeline / snapshots / restore","Suggestion accept/reject from timeline","As a reviewer, I want to accept or reject suggestion-intent versions from the history panel, so that I can resolve proposed edits and see a resolution log.","For a selected entry with intent 'suggest' that is not yet accepted, the diff card shows Accept/Reject buttons and a status line ('Pending'/'Accepted'/'Rejected suggestion'). Accept (handleAcceptSuggestion) appends a confirming edit and adds the entry id to acceptedSuggestionIds; Reject (handleRejectSuggestion) loads the parent text, appends a replace_text op reverting to it, sets editor content, and records a resolution. Resolutions render in a suggestion-resolution-list with action and actorId. Both buttons are disabled when no editor is present.","apps/web/components/editor/panels/HistoryPanel.tsx:271-314, apps/web/components/editor/panels/HistoryPanel.tsx:221-236, apps/web/components/editor/EditorWorkspace.tsx:1040-1109","implemented","tested","pass","","none","pending",""
"F-C12-08","C12","History timeline / snapshots / restore","Periodic snapshots for faster restore","As an operator, I want the history store to snapshot document state every N entries, so that loading and restoring old versions stays fast as history grows.","CreateHistoryStoreConfig exposes snapshotInterval ('Snapshot every N entries; bigger = slower restore, smaller = more storage'), and HistoryStore.loadAt is documented to 'use snapshot if available'. However the in-memory implementation stores the full materialized state for every sha unconditionally and never reads config.snapshotInterval; there is no snapshot-interval logic, so the configuration option is inert. The module header also marks history as a SCAFFOLD for snapshots.","packages/history/src/index.ts:80-85, packages/history/src/index.ts:68-69, packages/history/src/index.ts:225, packages/history/src/index.ts:1-3","stub","verified","fail","[logistical/low] snapshotInterval config and the 'uses snapshot if available' loadAt doc comment are inert. createHistoryStore reads only config.now; config.snapshotInterval is never referenced anywhere in the codebase. The in-memory store materializes and stores the FULL doc state for every sha unconditionally (states.set(resultSha, cloneJson(resultDoc)) on every append), so there is no snapshot-interval logic and the option does nothing. The module header still marks history as a SCAFFOLD. restore/loadAt remain functionally correct, so the impact is only the unimplemented optimization, hence low severity.","fixed","pass",""
"F-C13-01","C13","Deterministic & filtered diffs","Deterministic text diff engine","As a document reviewer, I want a diff between two versions that is byte-identical every time it is computed, so that diff results are reproducible across machines and CI runs.","computeDiff(fromSha, toSha, entries) materializes both versions by replaying ops from EMPTY_HISTORY_DOC, then runs a deterministic common-prefix / common-suffix text diff. It emits ordered spans: a leading 'unchanged' span [0,prefix], a 'deleted' span (from=to=prefix, text=removed middle), an 'inserted' span [prefix, prefix+inserted.length], and a trailing 'unchanged' span; when there is no change it emits a single full 'unchanged' span. Each span gets a stable id `span:<index>:<canonicalize(span)>`. Calling it twice on the same inputs returns deep-equal output and identical span ids (verified by the test asserting secondDiff toEqual firstDiff and equal id arrays). Unknown from/to sha throws 'computeDiff: unknown from/to version'.","packages/history/src/index.ts:307-383, packages/history/src/index.ts:288-289, packages/history/src/index.ts:293-305, packages/testing/unit/diff/diff-deterministic.test.ts:36-47","implemented","tested","pass","","none","pending",""
"F-C13-02","C13","Deterministic & filtered diffs","Diff span author/intent/time metadata","As a reviewer, I want each diff span annotated with who made the change, the intent, and when, so that I can attribute and later filter changes.","computeDiff looks up the producing HistoryEntry for fromSha and toSha. The 'deleted' span carries entryId, authorId, actorType, intent and ts taken from the 'from' entry; the 'inserted' span carries entryId, opIndex:0, authorId, actorType, intent and ts from the 'to' entry. DiffSpanBase types reserve these fields (entryId, opIndex, authorId, actorType, intent, ts) specifically for filtered-by-author / filtered-by-AI / time-range diffs.","packages/history/src/index.ts:343-372, packages/types/src/index.ts:350-371","implemented","tested","pass","","none","pending",""
"F-C13-03","C13","Deterministic & filtered diffs","History list filtering by author, actor type, intent, and time range","As a reviewer, I want to filter the history log by author, actor type, intent, or a time window, so that I can focus on a specific contributor's or time period's changes.","HistoryStore.list(docId, filter) returns entries filtered by HistoryFilter: authorId (entry.actor.id match), authorType (entry.actor.type match), intent (entry.intent match), since (entry.ts >= since, ISO-8601 inclusive lower bound via string comparison), and until (entry.ts <= until). Filters combine conjunctively; an empty filter returns all entries for the doc.","packages/history/src/index.ts:31-38, packages/history/src/index.ts:232-242","implemented","tested","pass","","none","pending",""
"F-C13-04","C13","Deterministic & filtered diffs","History panel author + last-7-days filtered diff UI","As a user, I want to filter the version timeline by author or to the last 7 days and see the diff for the selected version, so that I can review specific contributions.","HistoryPanel renders one author-filter button per distinct actor id plus a 'Last 7 days' toggle. Selecting an author filter hides entries whose actor.id differs; the time filter (client-side, Date.now() - 7 days against entry.ts via Date.parse) hides older entries. The visible count and 'N matching versions' badge update. The selected entry's diff is computed via computeDiff(parentSha, resultSha, entries) and rendered as <ins>/<del> elements with data-author-id and data-intent attributes plus an aria-live screen-reader announcement summarizing inserted/deleted text.","apps/web/components/editor/panels/HistoryPanel.tsx:40-47, apps/web/components/editor/panels/HistoryPanel.tsx:134-143, apps/web/components/editor/panels/HistoryPanel.tsx:164-219, apps/web/components/editor/panels/HistoryPanel.tsx:265-291","implemented","tested","pass","","none","pending",""
"F-C13-05","C13","Deterministic & filtered diffs","Copy filtered-diff share link","As a reviewer, I want to copy a link that captures my current author/time history filter, so that I can share a filtered view with a teammate.","The 'Copy link' button (disabled unless an author or time filter is active) calls handleCopyHistoryFilterLink, which builds a URL from window.location, deletes any existing historyAuthor/historyTime params, sets historyAuthor=<authorId> and/or historyTime=<filter> from current state, mirrors the link to window.__lashLastHistoryFilterLink, and copies it via copyToClipboard with a clipboard fallback (result mirrored to window.__lashLastCopyResult = 'ok'|'failed'). NOTE: the link is generated and copied, but EditorWorkspace never reads historyAuthor/historyTime back from the URL on mount, so opening a shared link does not auto-apply the filters.","apps/web/components/editor/panels/HistoryPanel.tsx:186-194, apps/web/components/editor/EditorWorkspace.tsx:998-1021, apps/web/components/editor/EditorWorkspace.tsx:353-354","partial","verified","partial","[logistical/low] handleCopyHistoryFilterLink (EditorWorkspace.tsx:998-1021) builds a URL with historyAuthor/historyTime params from current filter state, mirrors it to window.__lashLastHistoryFilterLink, and copies via copyToClipboard with an ok|failed fallback hook. EditorWorkspace never reads historyAuthor/historyTime back from the URL on mount, so opening a shared link does not auto-apply the filters; the round trip is one-directional.","fixed","pass",""
"F-C13-06","C13","Deterministic & filtered diffs","Redacted diff for shared links","As a document owner sharing a diff via link, I want sensitive inserted/deleted text masked according to a redaction policy, so that viewers see change positions without seeing confidential content.","redactDiff(diff, policy, callerId) returns the diff unchanged when policy.rules is empty; otherwise it maps every span, replacing the text of 'inserted' and 'deleted' spans with '[redacted]' and setting redacted:true, while leaving unchanged/attrChanged spans and span positions/ids intact (so counts stay accurate). Note: redaction is applied uniformly to text spans regardless of the specific rule paths or the callerId (callerId is unused).","packages/share/src/index.ts:162-177, packages/types/src/index.ts:368-370, packages/testing/unit/share/share-rbac.test.ts:109-117","partial","tested","partial","[logistical/low] redactDiff (packages/share/src/index.ts:162-177) returns the diff unchanged when policy.rules is empty; otherwise it replaces text of every inserted/deleted span with '[redacted]' (redacted:true) while leaving unchanged/attrChanged spans and all positions/ids intact. Redaction is all-or-nothing keyed solely on policy.rules.length being non-empty: the rule contents (path, action) are never consulted and callerId is unused (renamed _callerId). Any non-empty policy masks ALL inserted/deleted text regardless of which paths the rules target, their action ('redact'|'omit'|'hash'), or the caller.","deferred","n/a","Deferred: redaction-depth follow-up; scope-redaction (C16-06) landed, full diff/chat content redaction is net-new."
"F-C14-01","C14","Authorship / blame gutter","Interval-tree authorship attribution","As a document collaborator, I want each character range tracked to the author who wrote it, so that authorship survives later inserts, deletes, joins, and splits.","createAuthorshipMap() maintains a non-overlapping, sorted list of {from,to,authorId,...} intervals. put() trims/splits overlapping neighbours before inserting the new interval (e.g. an interval straddling the new one is cut into a left and/or right remnant), then normalize() drops zero-width intervals and sorts by from,to. authorAt(pos) returns the authorId of the interval containing pos (from<=pos<to) or null. intervalsIn(from,to) returns copies of all intervals overlapping [from,to).","packages/authorship/src/index.ts:26-53,96-102","implemented","tested","pass","","none","pending",""
"F-C14-02","C14","Authorship / blame gutter","Op-based interval remapping (inserts/deletes)","As a collaborator, I want authorship intervals to shift correctly when text is inserted or deleted elsewhere, so that blame stays aligned with the live document.","applyOps() iterates EditorOps: 'replace_text' calls applyTextReplace(from,to,text.length) and 'delete_range' calls applyTextReplace(from,to,0). applyTextReplace computes delta=insertedLength-deletedLength and: leaves intervals fully before `from` unchanged; shifts intervals fully at/after `to` by delta; for intervals overlapping the edited range it keeps the left part (to=from) and the right part (from=from+insertedLength, to=to+delta); the overlapped middle is dropped. Then normalize() re-sorts/filters.","packages/authorship/src/index.ts:55-94","implemented","tested","pass","","none","pending",""
"F-C14-03","C14","Authorship / blame gutter","Record authorship from a history entry","As the editor, I want to derive authorship intervals automatically by replaying a saved history entry's ops, so that blame reflects who actually committed each version.","recordEntry(entry) first calls applyOps(entry.ops) to remap existing intervals, then for each 'replace_text' op with non-empty text it put()s a new interval [op.from, op.from+text.length) attributed to entry.actor.id with ts=entry.ts, sourceEntryId=entry.id and sourceOpIndex. blameFor() in the workspace builds a fresh map, replays every HistoryEntry via recordEntry, and returns blameByLine(text).","packages/authorship/src/index.ts:132-145; apps/web/components/editor/EditorWorkspace.tsx:140-144","implemented","verified","partial","[logistical/low] recordEntry (packages/authorship/src/index.ts:132-145) calls applyOps(entry.ops) at :133 to remap existing intervals through the full sequential op sequence, then at :134-144 iterates entry.ops and for each non-empty replace_text put()s a new interval [op.from, op.from+text.length) using the RAW op coordinates. Op coordinates within a single HistoryEntry are sequential (each op's from/to index into the document state produced by prior ops) — confirmed by the canonical consumer replayOps in packages/history/src/index.ts:386-398, which applies each replace_text/delete_range to the already-mutated state. The put() loop does not re-map the new interval through the ops that follow it in the same entry, so for a multi-op entry the inserted text for ops at index>0 can be placed at the wrong final coordinates. Single-op entries (the dominant in-app paths at EditorWorkspace.tsx:779 and :1089) are unaffected; the edge only bites multi-replace_text/delete_range entries (e.g. AI patch.operations replayed at :1158).","fixed","pass",""
"F-C14-04","C14","Authorship / blame gutter","Per-line blame (dominant author per visual line)","As a reader, I want each line of the document attributed to its dominant author, so that I can see at a glance who wrote each line.","blameByLine(docText) splits text on '\n', tracks a running character offset (advancing line.length+1 per line to account for the newline) and for each line computes dominantAuthor(from,to) — the author with the greatest total overlap length within the line range, ties broken by lexicographically smaller authorId; empty lines fall back to authorAt(from). Returns [{line:index+1, authorId|null}].","packages/authorship/src/index.ts:104-130","implemented","tested","pass","","none","pending",""
"F-C14-05","C14","Authorship / blame gutter","Blame gutter rendering","As a reader, I want a gutter beside the editor showing the author of each line, so that authorship is visible while reading.","EditorWorkspace renders a div.lash-blame-gutter (data-testid='blame-gutter', aria-label='Blame gutter') containing one button.lash-blame-line per blame line (data-testid='blame-line', data-author-id set to the authorId or ''). The button label shows the authorId or '·' when unattributed. blameLines state is recomputed via blameFor on edits/history changes; when empty a single '·' span is shown. The gutter sits next to EditorContent inside div.lash-editor-with-blame[data-blame-on='true'].","apps/web/components/editor/EditorWorkspace.tsx:1699-1733,360-362,790,1069,1106,1135,1175","implemented","tested","pass","","none","pending",""
"F-C14-06","C14","Authorship / blame gutter","Blame hover tooltip","As a reader, I want to hover a gutter line to see its line number and author, so that I can confirm attribution details.","Each blame-line button has a native title attribute set to `Line {n}: {authorId}` when attributed, or `Line {n}: unattributed` otherwise, surfaced on hover. The blame-hover e2e asserts the first blame-line's title attribute.","apps/web/components/editor/EditorWorkspace.tsx:1713-1717; apps/web/e2e/authorship/blame-hover.spec.ts:12-13","implemented","tested","pass","","none","pending",""
"F-C14-07","C14","Authorship / blame gutter","Click-to-filter history by author from gutter","As a reviewer, I want to click a gutter line to filter the history panel to that author, so that I can review everything they wrote.","Clicking a blame-line button calls handleBlameLineClick(authorId): it sets historyAuthorFilter to that authorId, switches activeTab to 'history', and opens the side rail (setRailOpen(true)). The filter is passed to the history panel (authorFilter prop) and can be cleared. The blame-filter e2e clicks a blame-line and asserts the history author filter shows 'local-user' and a filtered-counts label appears.","apps/web/components/editor/EditorWorkspace.tsx:992-996,1293-1300; apps/web/e2e/authorship/blame-filter.spec.ts:13-16","implemented","tested","pass","","none","pending",""
"F-C14-08","C14","Authorship / blame gutter","Shareable author-filter deep link","As a reviewer, I want to copy a link that preserves the active author/time history filter, so that I can share a filtered view with collaborators.","handleCopyHistoryFilterLink builds a URL from window.location, removing existing historyAuthor/historyTime params and re-adding historyAuthor=historyAuthorFilter and historyTime=historyTimeFilter when set; the resulting link is stashed on window.__lashLastHistoryFilterLink and copied via clipboard with an execCommand textarea fallback for insecure/older Safari contexts.","apps/web/components/editor/EditorWorkspace.tsx:998-1021","implemented","tested","pass","","none","pending",""
"F-C15-01","C15","Doc chat (anchors/filters/history)","Create selection-anchored chat thread","As a document collaborator, I want to start a chat thread anchored to a selected passage, so that discussion stays tied to the exact text it concerns.","Selecting non-empty text in the editor enables the 'New thread' button (disabled when there is no selection or no baseVersion). Clicking it locates the selected text via currentText.indexOf, builds an Anchor with createAnchor (capturing baseVersion, from/to clamped to doc length, and a recovery token of 40 chars before/after, the selected text, and its occurrence index), and appends a new LocalThread containing an initial user message bodied `Thread on ""<selection>""`, status 'open', historyText set to the current full text, and updatedAt timestamp. createAnchor sets token.confidence to 1 for non-empty selections, 0 otherwise.","apps/web/components/editor/panels/ChatPanel.tsx:271-306; apps/web/components/editor/panels/ChatPanel.tsx:367-375; packages/doc-chat/src/index.ts:81-102","implemented","tested","pass","","none","pass","COM-01 adds a compact target row and document-side marker when a thread is created; covered by chat-anchor-map, chat-current-context, chat-durable, and sr-thread-nav e2e."
"F-C15-02","C15","Doc chat (anchors/filters/history)","Anchor mapping across edits (history vs current context)","As a reader of an existing thread, I want to see both the originally anchored text and where it lives in the current document, so that I can follow the conversation even after the doc changed.","Each visible thread is re-anchored via mapAnchor: it searches currentText for the anchored token.text at its stored occurrence index. If found, it returns a non-orphaned anchor with updated from/to and refreshed before/after context and confidence 1. The UI renders a two-column grid: 'History' shows the original thread.anchor.token.text and 'Current' shows currentText.slice(mappedAnchor.from, mappedAnchor.to). The thread is tagged 'Anchored' (data-orphaned='false') when mapping succeeds.","apps/web/components/editor/panels/ChatPanel.tsx:254-267; apps/web/components/editor/panels/ChatPanel.tsx:411-453; packages/doc-chat/src/index.ts:104-125","implemented","tested","pass","","none","pass","COM-01 keeps history/current context, adds a Current target row, a document-side marker, and a Show action that reselects the mapped range; duplicate identical text remains a known anchor-model limitation."
"F-C15-03","C15","Doc chat (anchors/filters/history)","Orphan handling when anchored text disappears","As a collaborator, I want threads whose anchored text was deleted to be clearly marked as orphaned, so that I know the discussion lost its target instead of silently mis-pointing.","When mapAnchor cannot find token.text in currentText, it returns an anchor pinned to a single collapsed position (from===to, clamped to currentText length) with orphaned:true and token.confidence 0. The UI then renders an 'Orphaned' badge (data-orphaned='true') instead of 'Anchored', and the Current context cell shows the literal string 'Context lost' rather than a slice.","packages/doc-chat/src/index.ts:126-139; apps/web/components/editor/panels/ChatPanel.tsx:411-413; apps/web/components/editor/panels/ChatPanel.tsx:434-442","implemented","tested","pass","","none","pass","COM-01 verifies the detached reload state: Current target shows Context lost, the document-side marker is absent, and Show is disabled rather than silently selecting the wrong range."
"F-C15-04","C15","Doc chat (anchors/filters/history)","Author / AI / All thread filters","As a collaborator, I want to filter threads by author or AI participation, so that I can focus on the conversations relevant to me.","Three filter buttons set ChatFilter state to 'author', 'ai', or 'all'. 'author' keeps threads with at least one message whose author.id === 'local-user'; 'ai' keeps threads with at least one message whose author.type === 'ai'; 'all' keeps every thread. The active filter button reflects data-active='true', the visible thread count updates ('N thread(s)'), and threads not matching are hidden; when none match, a 'No threads.' empty state shows. The underlying createThreadStore.list applies analogous server-side filtering by authorId (some message matches) or ai (true: any AI message; false: no AI messages).","apps/web/components/editor/panels/ChatPanel.tsx:41-47; apps/web/components/editor/panels/ChatPanel.tsx:195; apps/web/components/editor/panels/ChatPanel.tsx:376-401; apps/web/components/editor/panels/ChatPanel.tsx:528-530; packages/doc-chat/src/index.ts:180-199","implemented","tested","pass","","none","pending",""
"F-C15-05","C15","Doc chat (anchors/filters/history)","User and AI replies within a thread","As a collaborator, I want to post replies and request an AI reply on a thread, so that the discussion can continue with both human and AI input.","Each thread has a reply input bound to per-thread replyDrafts state; the Reply button is disabled until the draft is non-blank. Submitting trims the body, appends a user message (author local-user) and clears that thread's draft. 'Add AI reply' appends a message from AI_USER ('ai-doc-chat', label 'AI Doc Chat') with the fixed body 'AI reply with current document context.' Both update the thread's updatedAt. Messages render with data-author-id/data-author-type attributes. The AI reply body is a hardcoded placeholder string, not a real model call.","apps/web/components/editor/panels/ChatPanel.tsx:308-340; apps/web/components/editor/panels/ChatPanel.tsx:458-491; apps/web/components/editor/panels/ChatPanel.tsx:512-520","partial","tested","partial","[ux/low] Reply input is bound to per-thread replyDrafts; Reply button disabled until draft non-blank; submit trims body, appends a local-user message and clears that thread's draft. 'Add AI reply' appends an AI_USER message ('ai-doc-chat', 'AI Doc Chat') with hardcoded body 'AI reply with current document context.' Both bump updatedAt. Messages render data-author-id/type. As the spec itself flags, the AI reply is a hardcoded placeholder, not a real model call — story is correctly marked 'partial'.","deferred","n/a","Deferred — unbuilt roadmap subsystem or cross-file follow-up (see DEFERRED.md). Not a shipped-UI defect."
"F-C15-06","C15","Doc chat (anchors/filters/history)","Resolve / reopen thread status","As a collaborator, I want to mark a thread resolved or reopen it, so that I can track which discussions are still active.","Each thread shows its status ('Open' / 'Resolved'). For open threads a 'Resolve' button sets status 'resolved' and resolvedAt to now; for resolved threads a 'Reopen' button sets status 'open' and resolvedAt to null. Both bump updatedAt. Status, resolvedAt and updatedAt persist and round-trip through normalizeThread on load (status coerced to 'resolved' only when explicitly 'resolved').","apps/web/components/editor/panels/ChatPanel.tsx:342-355; apps/web/components/editor/panels/ChatPanel.tsx:431-433; apps/web/components/editor/panels/ChatPanel.tsx:492-511; apps/web/components/editor/panels/ChatPanel.tsx:117-129","implemented","tested","pass","","none","pending",""
"F-C15-07","C15","Doc chat (anchors/filters/history)","Thread persistence and realtime sync (localStorage + Yjs)","As a collaborator, I want my chat threads to persist and sync across sessions and other online editors, so that conversations are durable and shared.","Threads persist to localStorage under key `lash:chat-threads:<docId>` and, when realtimeDoc is present, into a Yjs Map 'lash:chat-threads' keyed `<docId>:<threadId>`. On mount, if Yjs entries for the doc exist they take precedence, else localStorage is loaded (and seeded into Yjs if empty). A 'storage' event listener syncs cross-tab when no Yjs map is active; a Yjs observe handler mirrors remote thread changes back into local state and storage. Loaded data is validated/normalized (authors, messages, status) and malformed JSON falls back to an empty list. sameThreads (JSON compare) avoids redundant re-renders.","apps/web/components/editor/panels/ChatPanel.tsx:145-184; apps/web/components/editor/panels/ChatPanel.tsx:198-243; apps/web/components/editor/panels/ChatPanel.tsx:63-143","implemented","tested","pass","","none","pass","COM-01 realtime e2e confirms remote clients receive the anchored thread, target row, and document-side marker; reload still preserves the thread and shows explicit orphan handling if seeded document text is gone."
"F-C15-08","C15","Doc chat (anchors/filters/history)","In-memory ThreadStore (create/reply/list) backend","As a developer, I want a thread store API to create threads, post replies, and list/filter threads per document, so that thread state has a defined backend contract.","createThreadStore returns create (mints `thread:N` with cloned anchor, open status, empty messages), reply (mints `message:N`, pushes to the thread, throws 'unknown thread' if id missing), and list (returns deep-cloned threads for a docId with optional authorId/ai filtering). It accepts a config { adapter: 'memory' | 'postgres' } but the adapter value is ignored (prefixed `_config`) and only an in-memory Map implementation exists; no postgres path is wired. This store is exercised by unit tests but the ChatPanel UI does not use it (UI manages threads directly via React state + storage).","packages/doc-chat/src/index.ts:141-201; packages/testing/unit/doc-chat/thread-store.test.ts:50-74","partial","tested","partial","[logistical/low] createThreadStore returns create (mints `thread:N` with cloned anchor, open status, empty messages), reply (mints `message:N`, pushes, throws 'unknown thread' if id missing), and list (deep-cloned threads for a docId with optional authorId/ai filtering). The config { adapter } is accepted but ignored (param prefixed _config) — only an in-memory Map exists, no postgres path. The ChatPanel UI does not use this store at all; it manages threads directly via React state + storage. Story is correctly marked 'partial'.","deferred","n/a","Deferred — unbuilt roadmap subsystem or cross-file follow-up (see DEFERRED.md). Not a shipped-UI defect."
"F-C16-01","C16","Share / RBAC / scopes / expiry / audit","Share-link scopes (view/comment/suggest/edit) → capabilities","As a document owner, I want to grant a recipient a specific access scope (view, comment, suggest, edit), so that they get exactly the right set of capabilities and no more.","capabilitiesForScope(scope) is a pure function returning a fixed capability list per scope: 'view' → read/history.read/mention.see/chip.preview; 'comment' and 'suggest' → those plus doc.comment and doc.suggest; 'edit' → all of the above plus doc.edit, doc.share, doc.history.restore, ai.invoke. The SharePanel derives canComment/canSuggest/canEdit/canAccept booleans from this mapping and renders them in #share-capabilities (e.g. comment:yes/no). Note 'comment' and 'suggest' map to identical capability sets.","packages/rbac/src/index.ts:101-137, apps/web/components/editor/panels/SharePanel.tsx:57-58, apps/web/components/editor/panels/SharePanel.tsx:147-152, apps/web/components/editor/panels/SharePanel.tsx:270-275","implemented","tested","pass","","none","pending",""
"F-C16-02","C16","Share / RBAC / scopes / expiry / audit","Share-link signing, validation & expiry","As a document owner, I want share links to be cryptographically signed and to expire, so that only valid, non-tampered, unexpired tokens grant access.","createShareSigner.sign() builds a payload {docId, scope, expiresAt, issuedBy, redactionPolicy(+version), jti}, encodes it base64url, appends a hashCanonical signature over {payload, secret}, and returns a ShareToken. validate(token) splits on '.', rejects malformed tokens as 'invalid', recomputes the signature and returns 'invalid' on mismatch, returns 'expired' when expiresAt <= now, returns 'revoked' when the revocation store reports the jti revoked, otherwise returns {ok:true}. PolicyEngine.decide() independently enforces the same expired/revoked/scope-mismatch checks for share-link subjects, and denies anonymous subjects with 'no-access'. Signature is a hash of payload+secret (HMAC-like via hashCanonical), not a standard JWT/HMAC primitive.","packages/share/src/index.ts:73-141, packages/rbac/src/index.ts:71-95","implemented","tested","pass","","none","pending",""
"F-C16-03","C16","Share / RBAC / scopes / expiry / audit","Share-link revocation","As a document owner, I want to revoke a share link, so that access is cut off even before its expiry.","signer.revoke(jti, revokedBy, reason) looks up the issued token; if found it writes a RevocationRecord {jti, revokedAt, revokedBy, reason} to the RevocationStore and records a 'share-link.revoked' audit event. Subsequent validate() calls for that jti return {ok:false, reason:'revoked'}. createMemoryRevocationStore provides an in-memory map implementation; inviteAccess provides a localStorage-backed RevocationStore. Limitation: signer.revoke only acts on tokens present in the per-instance in-memory `issued` Map, so a freshly constructed signer cannot revoke a jti it never issued.","packages/share/src/index.ts:142-160, packages/share/src/index.ts:217-230, apps/web/lib/inviteAccess.ts:52-68, apps/web/lib/inviteAccess.ts:143-157","implemented","verified","partial","[logistical/low] signer.revoke(jti, revokedBy, reason) silently no-ops for any jti not in the per-instance in-memory `issued` Map (early return on line 144), so a freshly constructed signer cannot revoke a token it did not itself issue. The localStorage-backed invite revocation path (revokeInviteRecord) sidesteps this by writing directly to the persistent RevocationStore. The web SharePanel never calls signer.revoke; it only revokes invites.","fixed","pass",""
"F-C16-04","C16","Share / RBAC / scopes / expiry / audit","Share/access audit logging","As a document owner/admin, I want every share-link action logged, so that I have an auditable trail of who created, accessed, or revoked links and when validations failed.","createAuditLog records AuditEvents with ts/actorId/action/docId(/reason/ua). The signer emits 'share-link.created' on sign, 'share-link.invalid' (reason 'signature') on bad signatures, 'share-link.expired' on expired tokens, 'share-link.access' on successful validation, and 'share-link.revoked' on revoke. query({docId, since}) filters events by docId and since-timestamp. SharePanel calls auditLog.query({docId}) after issuing a link and renders the event count and an ordered list of action[:reason] entries. Limitation: the audit log is in-memory only (the 'postgres' adapter option is ignored and behaves identically to 'memory'); invalid/revoked validations short-circuit before the 'access' event.","packages/share/src/index.ts:89-96, packages/share/src/index.ts:111-157, packages/share/src/index.ts:179-215, apps/web/components/editor/panels/SharePanel.tsx:114, apps/web/components/editor/panels/SharePanel.tsx:286-296","partial","verified","partial","[logistical/medium] Two gaps: (1) the revoked branch of validate() (lines 131-133) returns without recording any audit event, unlike the invalid (111-117) and expired (122-129) branches, so a revoked-token validation attempt leaves no audit trail for the most security-relevant case; (2) createAuditLog accepts an adapter:'memory'|'postgres' option but ignores it entirely (the param is `_config`, line 201), so audit is always in-memory and lost on reload despite the API implying durable storage.","fixed","pass",""
"F-C16-05","C16","Share / RBAC / scopes / expiry / audit","Email invite creation, listing & acceptance","As a document owner, I want to invite a collaborator by email with a role and expiry and share an invite link, so that they can open the document with the granted scope.","createInviteRecord signs a token via the local signer and builds a link `${origin}/doc/{docId}#invite={token}`, persists an InviteRecord (jti, docId, email, scope, token, link, expiresAt, createdAt, revokedAt, status) to localStorage key 'lash:invite-records:v1', and stamps status active/expired. SharePanel.createInvite writes the link to window.__lashLastInviteLink, attempts navigator.clipboard.writeText (swallowing failures), sets status 'Copied invite link', and refreshes the list. listInviteRecords filters by docId and recomputes status (revoked/expired/active) on read. validateInviteAccess re-validates the token, enforces docId match (returns 'document-mismatch' otherwise), and on success returns {ok:true, scope, email, token}. inviteTokenFromLocation extracts the 'invite' param from the URL hash. Expiry options: '7d' (now+7d), 'never' (null), 'expired' (year-2000 timestamp).","apps/web/lib/inviteAccess.ts:78-186, apps/web/components/editor/panels/SharePanel.tsx:117-145, apps/web/components/editor/panels/SharePanel.tsx:242-268","implemented","tested","pass","","none","pending",""
"F-C16-06","C16","Share / RBAC / scopes / expiry / audit","History/diff & chat redaction by scope","As a document owner, I want non-editor viewers to see redacted version history and a hidden chat transcript, so that sensitive edit content is not exposed below the edit scope.","redactDiff(diff, policy, callerId) leaves the diff untouched when policy.rules is empty; otherwise it replaces the text of every 'inserted'/'deleted' span with '[redacted]' and sets redacted:true. SharePanel applies an empty-rules policy for 'edit' scope (no redaction) and the full REDACTION_POLICY for all other scopes, then displays 'history redacted N of M' and renders chat as 'chat visible' only when scope==='edit', else 'chat transcript redacted'. Limitation: redaction is span-text blanket replacement keyed only on span kind; the policy 'rules' path/action fields and the PolicyStore.resolve lookup are not actually consulted by redactDiff.","packages/share/src/index.ts:162-177, apps/web/components/editor/panels/SharePanel.tsx:110-113, apps/web/components/editor/panels/SharePanel.tsx:277-284","partial","verified","partial","[logistical/medium] redactDiff blanket-replaces the text of every 'inserted'/'deleted' span with '[redacted]' whenever policy.rules is non-empty, and returns the diff untouched when rules is empty. The policy.rules path/action fields are never read (only rules.length is checked as a boolean toggle), callerId (_callerId) is unused, and PolicyStore.resolve is never consulted by redactDiff. So the 'omit'/'hash' actions and per-path targeting in the RedactionPolicy type are dead configuration; only span-kind blanket text redaction is supported.","fixed","pass",""
"F-C16-07","C16","Share / RBAC / scopes / expiry / audit","Mention/chip visibility gating via PolicyEngine","As a user, I want mentions and chip previews I am not allowed to see to be hidden/redacted, so that access control extends to inline references.","createPolicyEngine.decide() for a 'user' subject against a 'mention' or 'chip' target calls config.visibility.canSee(userId, target) and returns {allow:true} when visible, else {allow:false, reason:'redacted'}. For 'doc' targets it returns allow:true for users (no per-doc ACL beyond share-link logic). The engine and capabilitiesForScope are exported as the single policy decision point. Note: the visibility adapter is an injected interface; this package ships only the typed scaffold engine with no concrete visibility store, and capabilitiesForScope alone is what the web app currently imports.","packages/rbac/src/index.ts:56-97, packages/rbac/src/index.ts:88-94","partial","tested","pass","","none","pending",""
"F-C17-01","C17","Redaction (history/chat)","History diff redaction for restricted viewers","As a document owner sharing via a view/comment/suggest link, I want inserted/deleted text in the version-history diff to be replaced with a placeholder, so that restricted viewers see that edits occurred without reading their content.","redactDiff(diff, policy, callerId) takes a DiffJSON and RedactionPolicy. If policy.rules is empty it returns the diff unchanged. Otherwise it maps over diff.spans: spans whose kind is 'inserted' or 'deleted' are returned with text set to the literal string '[redacted]' and redacted:true; all other spans (e.g. 'unchanged') are returned as a shallow copy with text intact. The span count is preserved (counts stay accurate per the DiffSpan contract), only the text is masked. callerId is accepted but ignored (parameter named _callerId).","packages/share/src/index.ts:162-177, packages/types/src/index.ts:368-370","implemented","tested","pass","","none","pending",""
"F-C17-02","C17","Redaction (history/chat)","Scope-conditional redaction policy (edit scope bypasses redaction)","As an editor invited with full edit access, I want the history diff to show real edit text while comment/suggest/view viewers get redacted text, so that trusted collaborators are not over-restricted.","In SharePanel.issueLink, after a link is issued the effective policy is chosen by scope: when nextScope === 'edit' the policy is cloned with rules:[] (no redaction), otherwise the full REDACTION_POLICY (rules:[{path:'spans.text',action:'redact'}]) is used. redactDiff is run over a fixed SAMPLE_DIFF (one 'inserted' span 'Private edit') and the count of redacted spans is shown via data-testid='history-redaction' as 'history redacted {n} of {total}'. For edit links n=0; for view/comment/suggest links n=1.","apps/web/components/editor/panels/SharePanel.tsx:36-55,98-115,277-280","implemented","tested","pass","","none","pending",""
"F-C17-03","C17","Redaction (history/chat)","Chat transcript redaction indicator for restricted viewers","As a viewer on a non-edit share link, I want the chat transcript to be marked as redacted, so that I understand discussion content is hidden from me.","SharePanel renders a static label keyed off the current scope state: when scope === 'edit' it displays 'chat visible', otherwise it displays 'chat transcript redacted' (data-testid='chat-redaction'). This is a presentational gate only — there is no function that actually filters/masks ChatMessage bodies; the doc-chat ThreadStore (create/reply/list) returns full message bodies with no redaction or RBAC check applied.","apps/web/components/editor/panels/SharePanel.tsx:281-283, packages/doc-chat/src/index.ts:166-199","partial","tested","partial","[ux/medium] The chat-redaction indicator in SharePanel is purely presentational: SharePanel.tsx:281-283 flips text between 'chat visible' and 'chat transcript redacted' based solely on the local `scope` state, but nothing in doc-chat filters or masks ChatMessage bodies. ThreadStore.list() (packages/doc-chat/src/index.ts:197) maps each message to a full shallow copy `({ ...message })` including the complete `body`; reply()/create() likewise return full message objects. There is no decide()/capability check anywhere in doc-chat. The label also keys off `scope` (set only by issueLink/createInvite) rather than `effectiveScope` (which honors the `accessScope` prop), so a viewer arriving via accessScope without issuing a link always sees the default 'chat transcript redacted'.","deferred","n/a","Deferred: redaction-depth follow-up; scope-redaction (C16-06) landed, full diff/chat content redaction is net-new."
"F-C17-04","C17","Redaction (history/chat)","Scope-to-capability mapping gating history read/restore","As the policy engine, I want each share scope to map to a fixed capability set including history read and (for edit) history restore, so that history/chat access decisions are consistent across features.","capabilitiesForScope(scope) is a pure function: 'view' and 'comment'/'suggest' all include 'doc.read','doc.history.read','mention.see','chip.preview' (comment/suggest additionally add 'doc.comment','doc.suggest'); 'edit' adds 'doc.edit','doc.share','doc.history.restore','ai.invoke'. Thus only edit scope grants doc.history.restore. SharePanel/inviteAccess derive canAccept (restore) from whether the scope includes 'doc.history.restore', i.e. only edit links can restore history.","packages/rbac/src/index.ts:101-137, apps/web/lib/inviteAccess.ts:188-193, apps/web/components/editor/panels/SharePanel.tsx:152","implemented","tested","pass","","none","pending",""
"F-C17-05","C17","Redaction (history/chat)","Policy decision engine with redacted refusal reason","As any feature touching permissions, I want a single decide() call that returns allow or a machine-readable refusal reason (including 'redacted'), so that mention/chip visibility and share-link access are enforced uniformly.","createPolicyEngine().decide(subject,cap,target,ctx): anonymous subjects always get {allow:false,reason:'no-access'}; share-link subjects are refused with 'expired' if token.expiresAt<=ctx.now, 'revoked' if revocations.isRevoked(jti), else allowed iff capabilitiesForScope(token.scope) includes cap ('scope-mismatch' otherwise). For user subjects targeting a mention/chip, it returns {allow:true} or {allow:false,reason:'redacted'} based on visibility.canSee(); user subjects targeting a doc always get {allow:true}. The engine is declared a SCAFFOLD/frozen contract; it is not invoked by the history or chat views (only mentions calls decide).","packages/rbac/src/index.ts:63-97,1-13, packages/mentions/src/index.ts:38","partial","verified","partial","[logistical/medium] createPolicyEngine().decide() is implemented per the frozen contract (packages/rbac/src/index.ts:63-97): anonymous -> {allow:false,reason:'no-access'}; share-link -> 'expired' when token.expiresAt<=ctx.now, 'revoked' via revocations.isRevoked(jti), else allow iff capabilitiesForScope(token.scope) includes cap ('scope-mismatch' otherwise); user on mention/chip -> allow or {allow:false,reason:'redacted'} via visibility.canSee; user on doc -> allow. The gap is integration scope: the package header (lines 1-13) declares it a SCAFFOLD/frozen contract, and the only invoker in the codebase is packages/mentions/src/index.ts:38. Neither the history view nor the chat view routes through decide(); history redaction is done ad hoc via redactDiff and chat 'redaction' is the cosmetic label from F-C17-03. The 'redacted' refusal path and uniform enforcement are therefore not wired into history/chat.","fixed","pass",""
"F-C17-06","C17","Redaction (history/chat)","Redaction policy stored/signed into share tokens","As a security auditor, I want each share link to carry the sha and version of the redaction policy it was issued under, so that the applicable redaction rules can be resolved and audited server-side.","createShareSigner().sign() requires redactionPolicy (sha string) and redactionPolicyVersion (number) in its input and embeds them in the signed token payload (ShareToken). createStaticPolicyStore(policy).resolve(sha,version) returns the policy only when both sha and version match, else null. SharePanel and inviteAccess pass REDACTION_POLICY.sha/version ('local-redaction-v1', version 1) when signing. The signer itself does not apply redaction to any diff/chat content; it only records the policy reference and emits audit events.","packages/share/src/index.ts:32-47,77-97,232-236, apps/web/lib/inviteAccess.ts:33-37,112-119, apps/web/components/editor/panels/SharePanel.tsx:104-105","implemented","tested","pass","","none","pending",""
"F-C18-01","C18","AI patch / guardrails / scope / citations","Patch-not-paste apply","As a writer, I want an accepted AI edit to surgically replace only the targeted text ranges, so that the rest of my document is preserved instead of being wholesale overwritten.","Accepting a pending patch calls onApplyPatch -> handleApplyAiPatch, which reconstructs the new text via applyTextOperations(before, patch.operations). applyTextOperations sorts ops by descending from-position and applies replace_text (slice(0,from)+text+slice(to)) and delete_range (slice(0,from)+slice(to)) in place, leaving untouched regions intact, then commits a history entry with intent 'ai' before calling editor.commands.setContent. It does NOT paste the AI string over the whole doc.","packages/ai/src/index.ts:188-204; apps/web/components/editor/panels/AIPanel.tsx:192-202; apps/web/components/editor/EditorWorkspace.tsx:1141-1176","implemented","tested","pass","","none","pending",""
"F-C18-02","C18","AI patch / guardrails / scope / citations","Invalid-patch reject with safe fallback","As a writer, I want malformed or unsupported AI edits to be rejected rather than applied, so that the AI cannot corrupt my document with invalid operations.","validateEditPatch enforces: author.type must be 'ai', non-empty schemaVersion, at least one operation, at most 50 operations (too-many-ops), and per-op schema safety. Unsupported node types (e.g. insert_node {type:'unknownWidget'}), unsupported marks, invalid ranges, and pm_step ops all return ok:false with reasons schema-invalid/unsafe-op/too-many-ops. In the panel, a failed validation clears pendingPatch and shows validationMessage (e.g. 'AI patch rejected: ...'). For out-of-scope / doc-wide-without-confirm reasons, suggestFallback returns a no-op fallback patch (single empty replace_text at 0,0, allowGlobal:false, rationale 'Fallback: ... No mutation was applied.') displayed in the fallback UI; other rejection reasons get no fallback (null).","packages/ai/src/index.ts:63-133,148-186; apps/web/components/editor/panels/AIPanel.tsx:59-65,105-121,150-164,340-344","implemented","tested","pass","","none","pending",""
"F-C18-03","C18","AI patch / guardrails / scope / citations","Selection vs global scope guardrail","As a writer, I want AI edits confined to my current selection unless I explicitly confirm a document-wide rewrite, so that the AI cannot silently change the entire document.","validateEditPatch computes withinSelection via isWithinSelection (every op range lies inside selection.from/to). If ops exceed the selection: when patch.allowGlobal is false -> reason 'out-of-scope'; when allowGlobal is true but confirmations.globalEditConfirmed is false -> reason 'doc-wide-without-confirm'; only when allowGlobal AND globalEditConfirmed are both true does it return ok:true. The panel exposes a 'Confirm doc-wide edit' checkbox feeding globalEditConfirmed into createGlobalPatch's confirmations, so the patch payload alone cannot authorize a global edit.","packages/ai/src/index.ts:136-145,170-185; apps/web/components/editor/panels/AIPanel.tsx:166-190,268-285; packages/types/src/index.ts:333-344","implemented","tested","pass","","none","pending",""
"F-C18-04","C18","AI patch / guardrails / scope / citations","Stale base-version rejection on apply","As a collaborator, I want an AI patch generated against an outdated document state to be refused at apply time, so that concurrent edits are not clobbered.","handleApplyAiPatch checks patch.baseVersion against historyHeadRef (expectedParentSha); mismatch returns {ok:false, reason:'base version stale'}. It also rejects when the editor or history is unavailable, or when local edits are unflushed (before !== historyTextRef -> 'pending local history flush'), and propagates history append failures. The validator type also defines a 'base-version-stale' ValidationResult reason, though validateEditPatch itself does not hash/compare baseDoc.","apps/web/components/editor/EditorWorkspace.tsx:1141-1162; packages/ai/src/index.ts:14-26,29-31","implemented","verified","partial","[logistical/low] handleApplyAiPatch correctly rejects stale patches at apply time: patch.baseVersion !== historyHeadRef -> {ok:false, reason:'base version stale'}, plus guards for missing editor/history and unflushed local edits, and propagates history append failures. However the ValidationResult type defines a 'base-version-stale' reason that validateEditPatch never produces (the validator receives baseDoc but never hashes/compares it to baseVersion). So the stale check lives only in the host apply path, not in the pure validator, leaving a declared-but-unimplemented validator branch (dead reason).","fixed","pass",""
"F-C18-05","C18","AI patch / guardrails / scope / citations","AI chat answer with doc citation + jump","As a writer, I want AI chat answers to cite the document range they are grounded in and let me jump to it, so that I can verify the source of the answer.","Ask AI (askAi) requires a non-empty selection; it sets a chat answer string grounded in the selected text and a doc citation {type:'doc', baseVersion, rangeFrom, rangeTo}. The rendered citation button shows the cited slice text; clicking it (jumpToCitation) focuses the editor and runs setTextSelection({from: rangeFrom+1, to: max(from, rangeTo+1)}) to navigate to the cited range, and records jumpTarget for an sr-only confirmation element. Pending/applied patches with doc citations render equivalent 'Doc citation {from}-{to}' jump buttons.","apps/web/components/editor/panels/AIPanel.tsx:204-225,299-313,346-366; packages/types/src/index.ts:311-313","implemented","verified","partial","[bug/medium] askAi requires a non-empty selection, sets a grounded chat answer and a doc citation {type:'doc', baseVersion, rangeFrom, rangeTo}, the citation button shows the cited slice, and jumpToCitation focuses the editor and runs setTextSelection to navigate, recording jumpTarget for an sr-only confirmation. The grounding offsets are derived from currentText.indexOf(selectionText) (plaintext), then jumpToCitation hardcodes a +1 ProseMirror offset (rangeFrom+1 / rangeTo+1). The +1 assumes exactly one leading structural token before the text, which only holds for the simplest single-paragraph doc; for multi-block docs the indexOf offset (flat text with '\n' joins) does not map to ProseMirror positions by a constant +1, so the jump lands on the wrong range. indexOf also resolves to the FIRST occurrence, mis-citing repeated text.","fixed","pass","codex follow-up: positions not remapped through edits while AI answer in flight (improvement over +1 bug; see DEFERRED.md)."
"F-C18-06","C18","AI patch / guardrails / scope / citations","Accept/Reject patch review + rationale/JSON display","As a writer, I want to preview an AI patch's rationale and raw operations and explicitly accept or reject it, so that no AI change is applied without my review.","When a patch passes validation it becomes pendingPatch and the review panel shows the rationale and pretty-printed patch JSON. Accept invokes onApplyPatch and on success moves it to appliedPatch with status 'AI patch applied'; on failure shows 'AI patch failed: {reason}'. Reject clears pendingPatch and sets status 'AI patch rejected.' The applied patch remains visible (visiblePatch = pendingPatch ?? appliedPatch) without accept/reject buttons.","apps/web/components/editor/panels/AIPanel.tsx:118-121,192-202,227,291-338","implemented","tested","pass","","none","pending",""
"F-C18-07","C18","AI patch / guardrails / scope / citations","AI-range labeling mark / decoration","As a writer, I want AI-applied ranges to be visually labeled and filterable in the editor, so that I can distinguish AI changes from my own.","Intended (per agents.md I.1 ai-labeling) to expose an aiLabel mark/decoration applied to ranges produced by an AI EditPatch via buildAiExtensions(options), gated by decorateAiRanges. Currently buildAiExtensions returns an empty Extensions array unconditionally; no mark, decoration, or apply/remove command exists. The AIPanel renders a static 'AI Editor' text label badge but it is not tied to edited document ranges.","packages/editor-core/src/schema/ai.ts:16-22; apps/web/components/editor/panels/AIPanel.tsx:233-235","stub","tested","fail","[logistical/high] Story expects an aiLabel mark/decoration applied to AI-edited ranges (per agents.md I.1 ai-labeling), exposed via buildAiExtensions(options) and gated by decorateAiRanges. The implementation is a stub: buildAiExtensions returns an empty Extensions array unconditionally and ignores its options; no mark, decoration, or apply/remove command exists. decorateAiRanges is declared but never read. The AIPanel only renders a static 'AI Editor' text badge that is not tied to any edited document range, so AI changes are visually indistinguishable from user edits in the editor surface. The story row itself is marked 'stub'.","deferred","n/a","Deferred — unbuilt roadmap subsystem or cross-file follow-up (see DEFERRED.md). Not a shipped-UI defect."
"F-C19-01","C19","Autosave & focus mode","Debounced autosave flush","As a writer, I want my changes saved automatically shortly after I stop typing, so that I never lose work without manually saving.","On every TipTap editor `transaction` event the hook calls the scheduler's `notify()`, which (re)arms a debounce timer (default 500ms, `DEFAULT_DEBOUNCE_MS`). Rapid successive transactions clear and reset the timer so they coalesce into a single save. When 500ms of quiet elapses, `fire()` runs `performSave()`: it captures an ISO `savedAt` timestamp, snapshots the doc via `editor.getJSON()`, awaits `onSave`, and on success records `lastSavedAt`. An imperative `flush()` bypasses the timer to save immediately.","apps/web/lib/autosave.ts:68,81-134,147-157,235-300","implemented","tested","pass","","none","pending",""
"F-C19-02","C19","Autosave & focus mode","Autosave status state machine","As a writer, I want a clear indicator of whether my changes are saved, saving, pending, or failed, so that I trust the editor with my work.","Status transitions: starts `idle`; `notify()` sets `pending`; `performSave()` sets `saving`, then `saved` on success or `error` on a thrown/rejected onSave. `cancel()` reverts a `pending` state back to `saved` (if a save previously landed) or `idle`. The AutosaveIndicator renders nothing for `idle`, and labels: `saving`->""Saving…"", `error`->""Save failed"", `pending`->""Unsaved changes"", `saved`->""All changes saved"" (with relative time suffix when available).","apps/web/lib/autosave.ts:20,86-145,99-107;apps/web/components/editor/panels/AutosaveIndicator.tsx:39-54","implemented","tested","pass","","none","pending",""
"F-C19-03","C19","Autosave & focus mode","Concurrency-safe save coalescing","As a writer typing quickly, I want overlapping saves to be serialized, so that saves don't race or tight-loop.","If `notify()`/`flush()`/`fire()` triggers while a save is already in-flight (`saving===true`), it sets `pendingAfterSave=true` instead of starting a second save. When the in-flight `performSave()` finishes, its `finally` block re-arms the debounce via `notify()` so exactly one follow-up save is scheduled, avoiding overlap and tight loops.","apps/web/lib/autosave.ts:88-89,108-126,152-155","implemented","tested","pass","","none","pending",""
"F-C19-04","C19","Autosave & focus mode","IME composition-aware autosave gating","As a user typing with an IME (e.g. CJK input), I want autosave to wait until I finish composing, so that mid-composition states aren't saved and the IME isn't disrupted.","`createImeAwareTransactionGate` wraps the scheduler. While a `compositionstart` is active, transaction notifications are buffered (`pendingDuringComposition=true`) and not passed to `notify()`. On `compositionend`, if any transaction was buffered during composition, it fires a single `notify()`. The hook attaches `compositionstart`/`compositionend` listeners to `editor.view.dom` and routes `transaction` events through the gate.","apps/web/lib/autosave.ts:168-196,284-291","implemented","tested","pass","","none","pending",""
"F-C19-05","C19","Autosave & focus mode","Last-saved timestamp display (hover + relative time)","As a writer, I want to see when my document was last saved, so that I know my work is current.","The indicator sets `title={lastSavedAt}` (absolute ISO timestamp shown on hover). For the `saved` label it appends a relative phrase from `formatRelativeSavedAt`: <5s -> ""just now"", <60s -> ""Ns ago"", <60m -> ""Nm ago"", else ""Nh ago"". A 5s interval (`RELATIVE_REFRESH_MS`) re-renders `nowMs` once a save has landed so the relative phrase stays roughly accurate.","apps/web/lib/autosave.ts:334-346;apps/web/components/editor/panels/AutosaveIndicator.tsx:25,31-37,51-53,63","implemented","tested","pass","","none","pending",""
"F-C19-06","C19","Autosave & focus mode","Accessible autosave live region","As a screen-reader user, I want save status changes announced, so that I know my work is being saved without seeing the screen.","The indicator renders a `<span role=""status"" aria-live=""polite"">` with `data-testid=""autosave-indicator""` and `data-status={status}`, so status text (Saving…, All changes saved, Save failed, Unsaved changes) is announced politely to assistive tech. It returns null in `idle` to avoid clutter.","apps/web/components/editor/panels/AutosaveIndicator.tsx:39-67","implemented","verified","partial","[a11y/low] The indicator uses role=""status"" aria-live=""polite"" so subsequent status text changes are announced. However, the component returns null in the idle state (AutosaveIndicator.tsx:39-41), so the live-region span (lines 56-66) is absent from the DOM until the first transaction, then inserted simultaneously with its first content (status becomes 'pending' → 'Unsaved changes'). Screen readers generally do not reliably announce a live region whose element is added to the DOM at the same time as its initial content; the region must already exist and be monitored beforehand. The very first 'Unsaved changes'/'Saving…' announcement may therefore be missed.","fixed","pass",""
"F-C19-07","C19","Autosave & focus mode","Test-harness window hooks for autosave","As a test engineer, I want autosave state exposed on window, so that e2e tests can assert the saved snapshot and force flushes.","Unless `exposeOnWindow===false`, on each successful save the onSave wrapper writes `window.__lashLastSave = { savedAt, docJson }`, and a separate effect publishes `window.__lashAutosave = { status, lastSavedAt, flush }`. The autosave e2e spec relies on these to assert the indicator shows ""All changes saved"" within ~500ms and that the doc JSON snapshot reached persistence.","apps/web/lib/autosave.ts:203-226,265-272,302-319;apps/web/e2e/autosave/autosave-indicator.spec.ts:29-66","implemented","tested","pass","","none","pending",""
"F-C19-08","C19","Autosave & focus mode","Focus mode toggle (button)","As a writer, I want a button to enter and exit a distraction-free focus mode, so that I can concentrate on writing.","The active toolbar (TopBar) renders an icon button `data-testid=""focus-mode-toggle""` with `aria-label=""Focus mode""`, `aria-pressed` reflecting state, a tooltip (""Focus mode""/""Exit focus mode""), a maximize/minimize icon, and an sr-only label ""Enter Focus Mode""/""Exit Focus Mode"". Clicking calls `onToggleFocusMode`, which flips `isFocusMode` in EditorWorkspace. (Note: the standalone `FocusModeToggle.tsx` component exists with equivalent props/labels but is not wired into the current production shell — only the inline TopBar button is used.)","apps/web/components/shell/TopBar.tsx:84-101;apps/web/components/editor/EditorWorkspace.tsx:341,984-985;apps/web/components/editor/panels/FocusModeToggle.tsx:15-27","implemented","tested","pass","","none","pending",""
"F-C19-09","C19","Autosave & focus mode","Focus mode chrome hiding","As a writer in focus mode, I want surrounding UI (toolbar, outline, table cell panel) hidden while the editor stays editable, so that I have a clean writing surface.","When `isFocusMode` is true, EditorWorkspace passes `focusMode`/`hideOutline`/`hidden`/`data-focus-mode='true'` through the shell. AppShell sets `data-focus-mode='true'` on the root. The toolbar becomes hidden, the outline panel is removed (count 0), and the active TableCellPanel is suppressed (`!isFocusMode` gate); the ProseMirror editor remains visible and editable. The `<main>` landmark and H1 heading remain available for a11y.","apps/web/components/editor/EditorWorkspace.tsx:1555-1611,1681;apps/web/components/shell/AppShell.tsx:81,91;apps/web/e2e/focus-mode/focus-mode-ui.spec.ts:24-37,57-82;apps/web/e2e/focus-mode/focus-mode-a11y.spec.ts:12-19","implemented","tested","pass","","none","pending",""
"F-C19-10","C19","Autosave & focus mode","Focus mode keyboard shortcut","As a power user, I want to toggle focus mode from the keyboard, so that I can stay in flow without reaching for the mouse.","A window keydown listener toggles `isFocusMode` on Cmd/Ctrl+Shift+F. It ignores composing keystrokes (`isComposing`/keyCode 229) and `event.repeat`, requires Shift plus Meta or Ctrl plus the F key, then `preventDefault()` and flips state. The listener is not registered on coarse-pointer (touch) devices via `matchMedia('(pointer: coarse)')` to avoid hijacking software-keyboard shortcuts.","apps/web/components/editor/EditorWorkspace.tsx:1184-1199;apps/web/e2e/focus-mode/focus-mode-ui.spec.ts:47-54","implemented","tested","pass","","none","pending",""
"F-C20-01","C20","Offline edits & collaboration (Yjs)","Offline edit queue (demo panel)","As an editor losing connectivity, I want my edits captured locally while offline, so that nothing I type is lost.","In the OfflinePanel, clicking Disconnect calls room.setOnline(false). While offline, each editor transaction is diffed into a replace_text EditorOp and passed to room.applyYjsUpdate(); because online===false, the encoded update is pushed onto the in-process `queued` array instead of being applied, and the queue depth counter increments. The UI shows 'Offline', 'Queue: N' (N>0), and 'Merged: none' since nothing has been applied to the server-text mirror yet. E2E offline-queue.spec asserts Queue matches /Queue: [1-9][0-9]*/ and merge status stays 'Merged: none'.","apps/web/components/editor/panels/OfflinePanel.tsx:85-94, packages/collab-service/src/index.ts:108-116, packages/collab-service/src/index.ts:98, apps/web/e2e/offline/offline-queue.spec.ts:15-22","implemented","tested","pass","","none","pending",""
"F-C20-02","C20","Offline edits & collaboration (Yjs)","Merge queued offline edits on reconnect (demo panel)","As an editor coming back online, I want my queued offline edits flushed and merged into the shared document, so that my offline work appears in the synced state.","Clicking Reconnect calls room.setOnline(true), which sets online=true and triggers room.flushQueue(). flushQueue splices all pending updates and replays each through applyOnline(), which pushes decoded ops into appliedOps and notifies onYjsUpdate handlers (origin defaults to 'offline-replay'). The panel's update handler folds the replayed replace_text ops over serverTextRef via applyTextOp, updating the 'Merged:' display. After reconnect the queue drops to 0 and the merge status shows the offline text. E2E offline-merge.spec asserts status 'Online', 'Queue: 0', and merge status containing 'Offline draft'.","apps/web/components/editor/panels/OfflinePanel.tsx:122-126, packages/collab-service/src/index.ts:137-142, packages/collab-service/src/index.ts:150-160, apps/web/components/editor/panels/OfflinePanel.tsx:66-72, apps/web/e2e/offline/offline-merge.spec.ts:35-40","implemented","tested","pass","","none","pending",""
"F-C20-03","C20","Offline edits & collaboration (Yjs)","Presence pause/resume on connection state (demo panel)","As a collaborator, I want my presence to show paused when I go offline and active when I return, so that others understand my availability.","setLocalPresence and setOnline rebuild localPresence with connection set to online?'online':'offline' and emit to onPresence handlers. The panel maps the first peer's connection to a 'online'|'offline' state and renders 'Presence active' or 'Presence paused'. Disconnect flips presence to paused; Reconnect flips it back to active. E2E presence-resume.spec asserts 'Presence active' -> 'Presence paused' -> 'Presence active'. Note: this is single-local-peer presence only (emitPresence broadcasts just the local actor); no remote peers exist in the scaffold.","packages/collab-service/src/index.ts:128-136, packages/collab-service/src/index.ts:150-159, packages/collab-service/src/index.ts:99, apps/web/components/editor/panels/OfflinePanel.tsx:63-65, apps/web/components/editor/panels/OfflinePanel.tsx:133-135, apps/web/e2e/offline/presence-resume.spec.ts:15-20","partial","tested","pass","","none","pending",""
"F-C20-04","C20","Offline edits & collaboration (Yjs)","Multi-client CRDT convergence via collab-service","As a collaborator, I want edits from separate browser sessions to merge into a single converging document, so that everyone sees the same content.","The @lash/collab-service package is explicitly a LOCAL SCAFFOLD: createLocalCollabRoom encodes EditorOp[] as JSON in Uint8Array and emits updates only to handlers within the current JS process. It does not import Yjs, open a websocket, persist updates, or synchronize separate browsers. There is no cross-client transport, so genuine multi-client convergence is not provided by this module.","packages/collab-service/src/index.ts:1-19, packages/collab-service/src/index.ts:75-104, packages/collab-service/src/index.ts:174-176","stub","fixed","fail","[spec-error/low] The user story asks for edits from separate browser sessions to merge into one converging document, but @lash/collab-service is an explicit local scaffold: createLocalCollabRoom only JSON-encodes EditorOp[] into a Uint8Array and emits to handlers within the current JS process. It does not import Yjs, open a websocket, or persist/sync across browsers, so genuine multi-client convergence is NOT delivered by this module. Cross-client convergence is provided instead by LashRealtimeYjsProvider (F-C20-05), not collab-service.","spec-corrected","n/a","SPEC-ERROR: story expected_behaviour to be corrected per audit. Spec-corrected: code is intentional; the story expected_behaviour was over-claimed (see DEFERRED.md/ERRORS.md). No code defect."
"F-C20-05","C20","Offline edits & collaboration (Yjs)","Real-time Yjs sync over WebSocket","As a collaborator, I want my edits broadcast to and merged with other users in real time over the network, so that we co-author the same document live.","LashRealtimeYjsProvider attaches to a Y.Doc 'update' listener; local updates (origin != REMOTE_UPDATE_ORIGIN) are base64-encoded and sent as {type:'yjs-update', updateId, update} over a WebSocket obtained after a session-auth fetch. Incoming 'yjs-update' messages are decoded and applied via Y.applyUpdate with REMOTE_UPDATE_ORIGIN to avoid echo. On socket open the full doc state (encodeStateAsUpdate) plus queued updates are sent. Enabled only when a socket base URL resolves (env NEXT_PUBLIC_LASH_REALTIME_URL, ?realtime=on, or localhost ws://127.0.0.1:8787). Wired into EditorWorkspace via createLashRealtimeCollaboration and TipTap Collaboration with the shared doc.","apps/web/lib/realtimeCollaboration.ts:212-245, apps/web/lib/realtimeCollaboration.ts:381-456, apps/web/lib/realtimeCollaboration.ts:524-535, apps/web/components/editor/EditorWorkspace.tsx:397-414, apps/web/components/editor/EditorWorkspace.tsx:568-581","implemented","tested","pass","","none","pending",""
"F-C20-06","C20","Offline edits & collaboration (Yjs)","Network offline queue + flush on reconnect (Yjs provider)","As a collaborator on a flaky network, I want my edits buffered while the socket is down and replayed when it reconnects, so that no changes are dropped.","sendUpdate/sendUpdatePayload check socket.readyState; if no open socket, the {update, updateId} is pushed onto queuedUpdates and emit() fires (syncState becomes 'syncing' while queued/pending non-empty). On socket 'open', if the actor canWrite, all queuedUpdates are spliced and resent. sync-ack messages remove updateIds from pendingUpdateIds; once both queues empty, syncState returns 'saved'. If capabilities lack 'doc.edit' (canWrite false) or a 'scope_mismatch' error arrives, queued/pending updates are cleared and further sends are dropped (read-only).","apps/web/lib/realtimeCollaboration.ts:425-456, apps/web/lib/realtimeCollaboration.ts:346-356, apps/web/lib/realtimeCollaboration.ts:399-411, apps/web/lib/realtimeCollaboration.ts:478-485","implemented","tested","pass","","none","pending",""
"F-C20-07","C20","Offline edits & collaboration (Yjs)","Auto-reconnect with presence resume (Yjs provider)","As a collaborator whose connection drops, I want the client to reconnect automatically and restore my presence/cursor, so that collaboration continues without manual intervention.","On socket 'close' or 'error' (not destroyed), state becomes 'reconnecting' and scheduleReconnect re-runs authorizeAndConnect after a delay (default 750ms; 1500ms for disconnectForTest). peers map is cleared on close and rebuilt from 'awareness-state' messages on reconnect. On open, sendAwareness re-broadcasts the local actor label/color/selection. setLocalSelection (driven from EditorWorkspace selectionUpdate) sends awareness updates; remote peers' selections are tracked in the peers map and exposed via getSnapshot for cursor rendering. disconnectForTest/reconnectForTest/reconnectNow expose manual control.","apps/web/lib/realtimeCollaboration.ts:362-379, apps/web/lib/realtimeCollaboration.ts:496-514, apps/web/lib/realtimeCollaboration.ts:413-422, apps/web/lib/realtimeCollaboration.ts:458-471, apps/web/lib/realtimeCollaboration.ts:271-301, apps/web/components/editor/EditorWorkspace.tsx:642-655","implemented","tested","pass","","none","pending",""
"F-C21-01","C21","Realtime worker (rooms/access/persistence)","Service health endpoint","As an operator/monitoring system, I want a health endpoint for the realtime service, so that I can verify the worker is up and learn its runtime configuration.","A GET to /api/realtime/health (trailing slashes stripped) returns 200 JSON {ok:true, runtime:{provider:'cloudflare', coordination:'durable-object-room', transport:'websocket'}, service:'lash-realtime'} with no-store cache and permissive CORS headers. OPTIONS to any path returns 200 {ok:true}. Unmatched paths return 404 {ok:false,error:'not_found'}.","packages/realtime-worker/src/index.ts:101-107, packages/realtime-worker/src/index.ts:97-99, packages/realtime-worker/src/index.ts:175, packages/realtime-worker/src/routing.ts:40-44, packages/realtime-worker/src/routing.ts:1-5","implemented","tested","pass","","none","pending",""
"F-C21-02","C21","Realtime worker (rooms/access/persistence)","URL route parsing / room name normalization","As a client, I want consistent URL routing to reach a specific document room and action, so that requests are dispatched to the right room and sub-action regardless of casing or unsafe characters.","parseRealtimeRoute matches /api/realtime/rooms/<id>[/session|health|restore|socket]. The id is URL-decoded then normalized (lowercased, non [a-z0-9-] collapsed to '-', trimmed, max 128 chars); names with no alphanumeric char yield 'not-found'. Missing sub-action defaults to room-health. Anything else returns kind 'not-found'.","packages/realtime-worker/src/routing.ts:40-61, packages/realtime-worker/src/routing.ts:25-35, packages/realtime-worker/src/routing.ts:15-23","implemented","tested","pass","","none","pending",""
"F-C21-03","C21","Realtime worker (rooms/access/persistence)","Room session token issuance (invite-based + local fallback)","As a collaborator, I want to exchange an invite token (or use local dev fallback) for a signed session access token, so that I can authenticate subsequent realtime requests.","GET /api/realtime/rooms/<id>/session reads actorId (normalized) and inviteToken from query. With an inviteToken it verifies the token via the invite secret and mints a scope-derived grant ('view'=>doc.read, otherwise doc.read+doc.edit); failures return 403 with the access reason. Without a token: if no configured session secret (local fallback) AND host is localhost/127.0.0.1/[::1] it issues a default grant (doc.read+doc.edit); on non-local hosts or when no fallback applies it returns 403 'invalid'. Success returns {ok:true, accessToken (HMAC-signed grant), grant, inviteRequired:!usingLocalFallback}. Grants carry issuedAt and a 1-hour expiry.","packages/realtime-worker/src/index.ts:109-137, packages/realtime-worker/src/index.ts:51-61, packages/realtime-worker/src/access.ts:286-302, packages/realtime-worker/src/access.ts:224-257, packages/realtime-worker/src/access.ts:53","implemented","verified","partial","[spec-error/low] Session issuance largely matches the story: with an inviteToken it verifies via inviteSecret and mints a scope-derived grant (view => doc.read, else doc.read+doc.edit), denying with the access reason on failure; without a token it issues a default doc.read+doc.edit grant only under local fallback, else denies 'invalid'; success returns {ok:true, accessToken, grant, inviteRequired:!usingLocalFallback} with 1h-expiry grants carrying issuedAt. However, the host gate at index.ts:112 (`if (usingLocalFallback && !isLocalRealtimeFallbackHost(url)) return deny('invalid')`) runs BEFORE the invite branch (index.ts:116), so it applies to BOTH the no-token and invite-token paths. The story scopes the localhost requirement to the no-token fallback path only. Consequently a deployed worker that has not configured LASH_REALTIME_SESSION_SECRET will reject an otherwise-valid invite token from a non-local host with reason 'invalid' rather than honoring it. Blast radius is small (production normally sets a secret, which makes usingLocalFallback false and disables the gate), so this is a spec/ordering mismatch rather than a hard defect.","spec-corrected","n/a","REVERTED per codex:rescue — original gate is the SECURE behavior (no-session-secret runs on public dev secrets; serving non-local hosts would accept dev-forged tokens). Audit F-C21-03 was a false positive."
"F-C21-04","C21","Realtime worker (rooms/access/persistence)","Session token verification & capability gating on room routes","As a document owner, I want every room health/socket/restore request gated by a verified, unexpired, document-matched, capability-scoped token, so that only authorized actors reach a room.","accessTokenFor extracts a Bearer authorization header or ?accessToken query param. verifyRealtimeSessionToken splits payload.signature, recomputes HMAC-SHA256 with timing-safe compare, parses the grant, and rejects with reasons: 'invalid' (bad sig/parse), 'expired' (expiresAt<=now), 'document-mismatch' (grant.documentId != roomId), 'scope-mismatch' (missing required capability). room-health/room-socket require doc.read; room-restore requires doc.edit. Failures return 403 {ok:false,error:'forbidden',reason}. On success the worker forwards to the Durable Object stub (getByName(roomId)) with actorId/roomId/capabilities/scope encoded in the query.","packages/realtime-worker/src/index.ts:63-69, packages/realtime-worker/src/index.ts:139-173, packages/realtime-worker/src/access.ts:304-328, packages/realtime-worker/src/index.ts:74-89","implemented","tested","pass","","none","pending",""
"F-C21-05","C21","Realtime worker (rooms/access/persistence)","Invite token verification (scope, expiry, document, revocation)","As a sharer, I want invite tokens that encode scope and can expire/be revoked, so that document access can be controlled and rescinded.","verifyRealtimeInviteToken parses a base64url payload (jti, docId, scope in view/comment/suggest/edit, expiresAt nullable, issuedBy, redactionPolicy + version) and validates a SHA-256 hash-of-canonical(payload,secret) signature with timing-safe compare. It returns 'invalid' on bad shape/signature, 'expired' when expiresAt<=now, 'document-mismatch' when docId!=required document, and 'revoked' when an optional isRevoked(jti) predicate resolves true. On success it returns the token; createRealtimeGrantFromInviteToken then derives capabilities from scope.","packages/realtime-worker/src/access.ts:259-302, packages/realtime-worker/src/access.ts:179-211, packages/realtime-worker/src/access.ts:236-251","implemented","tested","pass","","none","pending",""
"F-C21-06","C21","Realtime worker (rooms/access/persistence)","Room WebSocket session: connect, hydrate, sync, ack, awareness, broadcast","As a collaborator, I want to open a websocket to a document room and exchange Yjs updates and presence with peers, so that we edit the same document in real time.","GET /__lash-room/socket requires Upgrade: websocket (else 426). On accept the server attaches actorId/roomId/capabilities/scope/connectedAt, sends a 'room-ready' frame (with connection count and persistedUpdates length), replays hydration updates as 'yjs-update' frames (actorId 'system', source 'hydrate'), and broadcasts awareness. Auto ping/pong is wired. Message handling: invalid JSON -> error 'invalid_json'; 'ping' -> 'pong' with protocolVersion/connections; 'broadcast' -> relays payload to all sockets; 'awareness-update' -> validates/normalizes label(<=80 chars), color(#hex or #64748b), selection, stores it and broadcasts 'awareness-state' peers list; 'yjs-update' -> requires doc.edit capability (else 'scope_mismatch'), requires a decodable Yjs base64 string (else 'invalid_yjs_update'), persists it, optionally returns a 'sync-ack' with sequence when updateId present, and relays to other peers; unknown types -> 'unknown_message_type'. On socket close, awareness is re-broadcast to remaining peers.","packages/realtime-worker/src/room.ts:435-482, packages/realtime-worker/src/room.ts:295-423, packages/realtime-worker/src/room.ts:425-433, packages/realtime-worker/src/room.ts:484-500, packages/realtime-worker/src/room.ts:232","implemented","tested","pass","","none","pending",""
"F-C21-07","C21","Realtime worker (rooms/access/persistence)","Room health endpoint (Durable Object)","As an operator, I want per-room health/diagnostics, so that I can inspect connection count and persistence state for a specific document.","Authorized GET /__lash-room/health returns {ok:true, actorId, roomId, runtime, protocolVersion:1, connections (live websocket count), persistence:{updates:<count>, snapshotSequence:<latest or null>, hydrationUpdates:<length>}}. A missing/invalid actorId yields 403 reason 'missing-actor'.","packages/realtime-worker/src/room.ts:264-282, packages/realtime-worker/src/room.ts:256-262, packages/realtime-worker/src/index.ts:139-149","implemented","tested","pass","","none","pending",""
"F-C21-08","C21","Realtime worker (rooms/access/persistence)","Snapshot persistence, hydration & compaction","As a returning collaborator, I want the room to persist document updates and rehydrate me on join, so that I see the latest document state even after everyone disconnects.","Each room is a Durable Object backed by SQLite tables yjs_updates and yjs_snapshots (created at construction). appendUpdate inserts a base64 Yjs update with actor/source/timestamp and returns its sequence. After every append, compactIfNeeded merges the latest snapshot plus subsequent updates via Y.mergeUpdates once >=20 updates have accumulated since the snapshot, writes a new snapshot at the latest sequence, and deletes older snapshots. buildHydrationUpdates yields [snapshot, ...updates after snapshot sequence] so new sockets receive a minimal replay.","packages/realtime-worker/src/room.ts:229-254, packages/realtime-worker/src/room.ts:537-587, packages/realtime-worker/src/room.ts:502-535, packages/realtime-worker/src/persistence.ts:3-35, packages/realtime-worker/src/persistence.ts:55-67","implemented","tested","pass","","none","pending",""
"F-C21-09","C21","Realtime worker (rooms/access/persistence)","Document restore (server-side update injection)","As an editor restoring a version, I want to push a reconstructed document state into the room, so that all connected peers and persistence adopt the restored content.","POST /api/realtime/rooms/<id>/restore (requires doc.edit) forwards to /__lash-room/restore. The room parses JSON {update}, rejects non-string/undecodable updates with 400 'invalid_yjs_update' (or 'invalid_json'), persists the update with source 'restore', broadcasts it as a 'yjs-update' frame to ALL connected sockets, and returns {ok:true, roomId, sequence, source:'restore'}.","packages/realtime-worker/src/index.ts:161-173, packages/realtime-worker/src/room.ts:288-290, packages/realtime-worker/src/room.ts:589-620","implemented","tested","pass","","none","pending",""
"F-C22-01","C22","Accessibility / IME / i18n / SR","IME-aware autosave gate","As a user typing CJK text with an IME, I want autosave to wait until I commit my composition, so that I never persist a half-formed (intermediate kana/pinyin) snapshot.","createImeAwareTransactionGate wraps the autosave scheduler. On compositionstart it sets composing=true; while composing, every editor transaction is swallowed (pendingDuringComposition=true) and scheduler.notify() is NOT called, so the debounce timer never arms and status stays 'idle' even after advancing 1000ms. On compositionend it clears composing and, if any transaction occurred during composition, calls scheduler.notify() once, arming the 500ms debounce. Result: composing many intermediate states (に -> 日本 -> 日本語) yields a single persisted snapshot of the final committed text. useAutosave wires this gate to the live editor by listening to the editor DOM's compositionstart/compositionend events and the TipTap 'transaction' event.","apps/web/lib/autosave.ts:168-196, apps/web/lib/autosave.ts:284-291, packages/testing/unit/ime/ime-autosave.test.ts:17-41, packages/testing/unit/ime/ime-composition.test.ts:17-48","implemented","tested","pass","","none","pending",""
"F-C22-02","C22","Accessibility / IME / i18n / SR","Coalesced composition autosave snapshot + status sequence","As a user, I want only one save to fire after I finish an IME composition, with a clear pending/saving/saved status, so that the autosave indicator reflects exactly one durable write.","After compositionEnd with pending transactions, scheduler status moves to 'pending' immediately, then after the 500ms debounce elapses it runs performSave: status 'saving' then 'saved'. getDocJson is read at flush time so the persisted snapshot reflects the final text, and concurrent/queued saves are coalesced (pendingAfterSave re-arms rather than overlapping). Test asserts snapshots == [{text:'日本語'}] and statuses == ['pending','saving','saved'].","apps/web/lib/autosave.ts:97-134, packages/testing/unit/ime/ime-composition.test.ts:40-47","implemented","tested","pass","","none","pending",""
"F-C22-03","C22","Accessibility / IME / i18n / SR","Autosave indicator as ARIA live status","As a screen-reader user, I want the save-status indicator announced politely, so that I know when my changes are saved without watching the screen.","AutosaveIndicator renders a span with role=""status"" and aria-live=""polite"", carrying data-status and a relative label (e.g. 'just now', '12s ago' from formatRelativeSavedAt) plus a title set to the last-saved timestamp. Status transitions through idle->pending->saving->saved (->error on failure).","apps/web/components/editor/panels/AutosaveIndicator.tsx:57-67, apps/web/lib/autosave.ts:334-346, apps/web/lib/autosave.ts:20","implemented","tested","pass","","none","pending",""
"F-C22-04","C22","Accessibility / IME / i18n / SR","Screen-reader accessible version diff with live announcement","As a screen-reader user, I want version diffs announced with who changed what, so that I can follow edit history without seeing the inline ins/del markup.","The diff container has aria-label=""Version diff"", aria-live=""polite"", and aria-describedby pointing at a per-entry sr-only paragraph (id history-diff-announcement-<entryId>) whose text reads e.g. 'Version diff contains inserted ""beta"".'. Each inserted/deleted span (<ins>/<del>) gets an aria-label built by spanAnnouncement, formatted 'Inserted text by <authorId> as <intent>: <text>' (e.g. 'Inserted text by local-user as edit: beta'). Verified by e2e sr-diff-announce.spec.ts.","apps/web/components/editor/panels/HistoryPanel.tsx:57-73, apps/web/components/editor/panels/HistoryPanel.tsx:283-289, apps/web/components/editor/panels/HistoryPanel.tsx:75-105, apps/web/e2e/a11y/sr-diff-announce.spec.ts:18-32","implemented","tested","pass","","none","pending",""
"F-C22-05","C22","Accessibility / IME / i18n / SR","Semantic heading & landmark structure for screen readers","As a screen-reader user, I want proper heading levels and labeled landmark regions, so that I can navigate the document and outline by structure.","Editor content is wrapped in role=""region"" aria-label=""Document editor""; document headings render as native h1/h2/h3 discoverable by role/level/name. The outline renders as role=""navigation"" aria-label=""Outline"" with toggle buttons labeled 'Collapse <title>'/'Expand <title>' and jump buttons labeled 'Jump to <title>'. Verified by sr-headings.spec.ts via getByRole heading/region/navigation/button queries.","apps/web/components/editor/EditorWorkspace.tsx:1690, apps/web/components/editor/panels/OutlinePanel.tsx:21-57, apps/web/app/page.tsx:15, apps/web/e2e/a11y/sr-headings.spec.ts:55-71","implemented","tested","pass","","none","pending",""
"F-C22-06","C22","Accessibility / IME / i18n / SR","Screen-reader accessible comment/chat thread navigation","As a screen-reader user, I want chat threads exposed as labeled, focusable articles with message lists, so that I can read and reply to anchored discussions.","The thread list is a container with aria-label=""Document chat threads"". Each thread is a role=""article"" labeled 'Thread on <anchorText>' (aria-labelledby a heading), focusable and focus-receivable; it contains a role=""heading"" level 3 with the thread title, a role=""list"" labeled 'Messages for <anchorText>', a reply button 'Reply to thread on <anchorText>', and an 'Add AI reply to thread on <anchorText>' button. Verified by sr-thread-nav.spec.ts.","apps/web/components/editor/panels/ChatPanel.tsx:408-516, apps/web/e2e/a11y/sr-thread-nav.spec.ts:30-47","implemented","tested","pass","","none","pending",""
"F-C22-07","C22","Accessibility / IME / i18n / SR","prefers-reduced-motion honoring","As a user sensitive to motion, I want animations effectively disabled when I request reduced motion, so that the UI does not trigger discomfort.","A global @media (prefers-reduced-motion: reduce) rule forces animation-duration/transition-duration to 0.01ms, animation-delay/transition-delay to 0ms, animation-iteration-count to 1, and scroll-behavior to auto across all elements. RightRail also reads matchMedia('(prefers-reduced-motion: reduce)') in JS to gate scripted animation. Verified across shell surfaces by reduced-motion.spec.ts.","apps/web/app/globals.css:3907-3918, apps/web/components/shell/RightRail.tsx:38, apps/web/e2e/a11y/reduced-motion.spec.ts:34-62","implemented","tested","pass","","none","pending",""
"F-C22-08","C22","Accessibility / IME / i18n / SR","Keyboard & touch a11y affordances (focus-visible, 44px targets, hover fallbacks)","As a keyboard or touch user, I want focus-visible tooltips and adequately sized tap targets, so that I can operate the UI without a mouse hover.","Toolbar uses role=""toolbar""/role=""group"" with aria-labels; icon-button tooltips expose a :focus-visible variant in built CSS (keyboard a11y), avatar stacks unstack on touch viewports (margin-left -4px), and sidebar items nudge on :active. E2E touch-targets.spec.ts asserts all visible buttons on a 375px touch viewport meet a 44px minimum (0.5px tolerance, excluding blame-empty). Verified by touch-targets.spec.ts and hover-on-touch.spec.ts.","apps/web/components/editor/panels/EditorToolbar.tsx:67-89, apps/web/e2e/a11y/touch-targets.spec.ts:38-66, apps/web/e2e/a11y/hover-on-touch.spec.ts:34-72","implemented","tested","pass","","none","pending",""
"F-C22-09","C22","Accessibility / IME / i18n / SR","RTL / bidirectional text support (i18n direction)","As a user writing Arabic/Hebrew, I want right-to-left and bidirectional text rendering, so that my content displays in the correct direction.","No support exists: the document <html> hardcodes lang=""en"" with no `dir` attribute, no editor node or container emits a `dir=` attribute, and there is no `direction:`/`unicode-bidi` CSS or any rtl/bidi handling (grep finds only `flex-direction`). There is no locale/translation layer either; the app is English-only.","apps/web/app/layout.tsx:36","missing","verified","fail","[a11y/medium] No RTL/bidi or i18n direction support exists. apps/web/app/layout.tsx:36 hardcodes <html lang=""en""> with no dir attribute. No editor node, container, or CSS emits dir=/direction:/unicode-bidi (grep finds only flex-direction). There is no locale/i18n layer; the only locale references are String.prototype.localeCompare calls used for sorting, not internationalization. Arabic/Hebrew content renders left-to-right, breaking bidirectional display. The story's expected_behaviour documents this absence and marks impl_status='missing', making this fail-by-design.","fixed","pass",""
"F-C23-01","C23","Observability / SLOs","Distributed tracing client","As an operator, I want to start and end spans across services, so that I can trace request flows and diagnose latency.","The package defines Span/Tracer interfaces (start(name, attrs, parentId) returning a Span; end(span, attrs)) and a createTracer(serviceName) factory. However createTracer is a no-op placeholder: calling it unconditionally throws Error('createTracer: not implemented (M5/F5)'). No span data is ever recorded, started, or exported. No consumer in the codebase imports it.","packages/observability/src/index.ts:6-19,31-33","stub","tested","fail","[logistical/high] The Span and Tracer interfaces are declared, but createTracer is a pure stub that unconditionally throws. No span is ever started, ended, recorded, or exported, and no service in the monorepo imports it. The tracing capability does not exist beyond type definitions.","deferred","n/a","Deferred — unbuilt roadmap subsystem or cross-file follow-up (see DEFERRED.md). Not a shipped-UI defect."
"F-C23-02","C23","Observability / SLOs","Metrics recording (counters/histograms)","As an operator, I want to increment counters and observe latency histograms, so that I can monitor SLOs.","The package defines a MetricRecorder interface with inc(name, value, tags) and observe(name, value, tags), plus a createMetricRecorder(serviceName) factory. createMetricRecorder always throws Error('createMetricRecorder: not implemented (M5/F5)'); no metric is ever emitted or aggregated. Not wired into any service.","packages/observability/src/index.ts:21-27,35-37","stub","tested","fail","[logistical/high] The MetricRecorder interface (inc/observe) is declared, but createMetricRecorder unconditionally throws. No counter is incremented and no histogram observation is aggregated or exported; nothing is wired into any service, so SLO monitoring is impossible.","deferred","n/a","Deferred — unbuilt roadmap subsystem or cross-file follow-up (see DEFERRED.md). Not a shipped-UI defect."
"F-C23-03","C23","Observability / SLOs","Structured logging client","As an operator, I want leveled structured logs (info/warn/error) with attributes, so that I can investigate incidents.","The package defines a Logger interface (info/warn/error each taking msg and an attrs record) and a createLogger(serviceName) factory. createLogger always throws Error('createLogger: not implemented (M5/F5)'); no logging backend or output is implemented. No callers exist.","packages/observability/src/index.ts:28-30,39-41","stub","tested","fail","[logistical/high] The Logger interface (info/warn/error with attrs) is declared, but createLogger unconditionally throws. There is no logging backend or output of any kind, and no callers exist, so operators cannot investigate incidents via this client.","deferred","n/a","Deferred — unbuilt roadmap subsystem or cross-file follow-up (see DEFERRED.md). Not a shipped-UI defect."
"F-C23-04","C23","Observability / SLOs","SLO budgets / SLO alignment","As an operator, I want SLO budgets defined and tracked, so that error budgets gate releases.","The module header claims tracing/metrics/logs are 'aligned with the SLOs in agents.md' and marks the whole module as 'SCAFFOLD — implement in M5/F5'. There is no SLO budget data structure, threshold, burn-rate calculation, or any SLO logic anywhere in the package — only the aspirational comment.","packages/observability/src/index.ts:1-3","missing","tested","fail","[logistical/high] The story expects SLO budgets to be defined and tracked so error budgets gate releases. The module only contains an aspirational header comment claiming alignment 'with the SLOs in agents.md' and a 'SCAFFOLD — implement in M5/F5' note. There is no SLO target, error budget, burn-rate calculation, threshold, or any gating logic anywhere in the package.","deferred","n/a","Deferred — unbuilt roadmap subsystem or cross-file follow-up (see DEFERRED.md). Not a shipped-UI defect."
"F-C24-01","C24","Storage","Postgres document store","As a Lash backend operator, I want documents persisted to and loaded from Postgres keyed by document id and result hash, so that document state survives restarts and can be retrieved by id.","A DocStore interface defines load(docId) returning {doc, resultSha}|null and save(docId, doc, resultSha). createPostgresDocStore({connectionString}) is intended to return a Postgres-backed DocStore, but the factory body unconditionally throws Error('createPostgresDocStore: not implemented (M2/C2)') — no DB connection, queries, or persistence exist. No code anywhere in the repo imports @lash/storage or DocStore.","packages/storage/src/index.ts:11-14, packages/storage/src/index.ts:41-43","stub","tested","fail","[logistical/high] The DocStore interface (load/save keyed by docId and resultSha) is declared, but createPostgresDocStore is a stub that unconditionally throws. There is no DB connection, no SQL, and no persistence. Documents are not saved to or loaded from Postgres at all, so no state survives a restart. No consumer in the repo imports it either, so the feature is entirely absent.","deferred","n/a","Deferred — unbuilt roadmap subsystem or cross-file follow-up (see DEFERRED.md). Not a shipped-UI defect."
"F-C24-02","C24","Storage","Append-only Postgres history log with parent-sha precondition","As a collaboration backend, I want to append history entries only when the expected parent sha matches the current head, so that concurrent writes are detected and rejected rather than silently overwriting.","HistoryLogStore defines append(entry, expectedParentSha) returning {ok:true} or {ok:false, reason:'parent-mismatch', currentHead}, list(docId, {since, until, authorId}) returning HistoryEntry[], and headSha(docId) returning the current head sha or null. createPostgresHistoryStore({connectionString}) is meant to provide this with optimistic-concurrency enforcement, but its body throws Error('createPostgresHistoryStore: not implemented (M2/C2)'). The CAS/parent-mismatch logic exists only as an interface contract; no implementation, table, or query exists.","packages/storage/src/index.ts:16-25, packages/storage/src/index.ts:45-47","stub","tested","fail","[logistical/high] HistoryLogStore declares append() with optimistic-concurrency (returns {ok:false, reason:'parent-mismatch', currentHead}), list() with since/until/authorId filters, and headSha(). createPostgresHistoryStore throws unconditionally. The CAS/parent-mismatch logic exists only as a TypeScript signature; no table, query, or concurrency check is implemented, so concurrent writes are neither detected nor rejected.","deferred","n/a","Deferred — unbuilt roadmap subsystem or cross-file follow-up (see DEFERRED.md). Not a shipped-UI defect."
"F-C24-03","C24","Storage","S3 object store with signed URLs","As a user uploading media/attachments, I want binary objects stored in an S3 bucket and retrievable via time-limited signed URLs, so that large assets live outside the document and can be securely shared.","ObjectStore defines put(key, body, contentType?) returning {url}, get(key) returning Uint8Array|null, and signUrl(key, ttlSeconds) returning a string URL. createS3ObjectStore({bucket, region}) is intended to return an S3-backed ObjectStore, but the factory body throws Error('createS3ObjectStore: not implemented (M5)'). No AWS SDK usage, bucket access, or URL signing is implemented, and there is no factory wired for get/put either.","packages/storage/src/index.ts:27-31, packages/storage/src/index.ts:49-51","stub","tested","fail","[logistical/high] ObjectStore declares put/get/signUrl, but createS3ObjectStore throws unconditionally. No AWS SDK usage, bucket access, or URL signing exists. Binary objects cannot be stored or retrieved, and no time-limited signed URLs can be generated. There is also no consumer wiring uploads to this store.","deferred","n/a","Deferred — unbuilt roadmap subsystem or cross-file follow-up (see DEFERRED.md). Not a shipped-UI defect."
"F-C24-04","C24","Storage","Search index hydration and full-text search","As a user, I want to search across my documents and get snippet results with character ranges, so that I can locate content quickly.","SearchIndex defines hydrate(docId, doc) to index a document and search(query, {docIds?}) returning an array of {docId, rangeFrom, rangeTo, snippet} matches scoped optionally to specific docs. The interface is declared but there is NO factory function or implementation for SearchIndex anywhere in the package — it is purely a type definition with no concrete create*() and no consumers.","packages/storage/src/index.ts:33-39","missing","tested","fail","[logistical/high] SearchIndex declares hydrate(docId, doc) and search(query, {docIds?}) returning {docId, rangeFrom, rangeTo, snippet}[]. Unlike the other three, there is NO factory function (no create* for SearchIndex) and no implementation at all — it is purely a type declaration with no concrete behavior and no consumers. Users cannot search documents or get snippet/range results.","deferred","n/a","Deferred — unbuilt roadmap subsystem or cross-file follow-up (see DEFERRED.md). Not a shipped-UI defect."
"F-C24-05","C24","Storage","Canonical-hash storage policy","As a maintainer, I want the storage layer to delegate all parentSha/resultSha hashing to @lash/types/hashCanonical rather than inventing its own, so that hashes stay consistent across the system.","The module header documents the policy that parentSha/resultSha hashing MUST go through @lash/types/hashCanonical and that storage never invents its own hash function. The contract is stated only as a doc comment; resultSha/parentSha values are accepted as plain string parameters and no hashing call, validation, or import of hashCanonical occurs in this file.","packages/storage/src/index.ts:1-7","stub","tested","fail","[logistical/medium] The header comment states that parentSha/resultSha hashing MUST go through @lash/types/hashCanonical and storage must never invent its own hash. This is documented only as a doc comment: resultSha/parentSha are accepted as plain string parameters and there is no import of hashCanonical, no hashing call, and no validation that supplied shas are canonical. Since every factory is a stub, the policy is unenforced. Note hashCanonical does exist (packages/types/src/index.ts:517) so the policy is implementable but simply unwired.","deferred","n/a","Deferred — unbuilt roadmap subsystem or cross-file follow-up (see DEFERRED.md). Not a shipped-UI defect."
"F-C25-01","C25","Sidebar / nav / doc-identity / title","Editable document title","As a document author, I want to rename my document inline, so that the title reflects its content and is recognizable everywhere it appears.","The doc paper header renders a text <input data-testid=""lash-doc-title-input"" aria-label=""Document title""> bound to docTitle state. Typing fires handleDocTitleChange, which updates state and calls saveDocumentTitle(localStorage, activeDocumentId, value) on every keystroke; blur fires handleDocTitleBlur which normalizes (empty -> 'Untitled document') and persists. The title is mirrored into the TopBar (topbar-doc-title) via docTitle.trim() || DEFAULT_DOC_TITLE, and into the browser tab title as `${title} — Lash`. After reload, readDocumentTitle restores the value from key lash:title:<id>. Confirmed by title-edit.spec.ts: fill 'Launch memo' -> topbar shows it -> reload keeps it.","apps/web/components/editor/EditorWorkspace.tsx:1627-1636, apps/web/components/editor/EditorWorkspace.tsx:1528-1549, apps/web/components/editor/EditorWorkspace.tsx:486-504, apps/web/components/shell/TopBar.tsx:74-82, apps/web/lib/documentRegistry.ts:85-111, apps/web/e2e/title/title-edit.spec.ts:11-21","implemented","tested","pass","","none","pending",""
"F-C25-02","C25","Sidebar / nav / doc-identity / title","Per-document title isolation & persistence","As a user juggling multiple documents, I want each document to keep its own title across navigation and reloads, so that titles never bleed between docs.","Titles are stored per-id under localStorage key lash:title:<normalizedId> (documentTitleStorageKey). On mount / activeDocumentId change, readDocumentTitle loads the title for the routed id and upserts the registry record. Navigating between /doc/identity-alpha and /doc/identity-beta shows each doc's own title; a fresh doc shows DEFAULT_DOC_TITLE 'Untitled document'. document-identity.spec.ts verifies titles stay isolated across two routes and survive reload.","apps/web/lib/documentRegistry.ts:28-31, apps/web/lib/documentRegistry.ts:85-111, apps/web/components/editor/EditorWorkspace.tsx:484-489, apps/web/e2e/document-identity/document-identity.spec.ts:61-81","implemented","tested","pass","","none","pending",""
"F-C25-03","C25","Sidebar / nav / doc-identity / title","Document identity & route normalization","As a user, I want each document to live at a stable, clean URL, so that I can bookmark and share it reliably.","normalizeDocumentId lowercases, replaces non [a-z0-9-] runs with '-', collapses/trims dashes, caps at 96 chars, and falls back to DEFAULT_DOCUMENT_ID ('demo-document') when empty. documentPath(id) yields /doc/<normalizedId>. The /doc/[id] route and / home route both normalize the id and key EditorWorkspace on it. The current route is displayed in doc metadata (data-testid lash-doc-route). After creating a doc the URL matches /doc/doc-[a-z0-9-]+ and the route text persists across reload.","apps/web/lib/documentRegistry.ts:12-26, apps/web/app/doc/[id]/page.tsx:16-25, apps/web/app/page.tsx:9-19, apps/web/components/editor/EditorWorkspace.tsx:1652, apps/web/e2e/document-identity/document-identity.spec.ts:83-96","implemented","tested","pass","","none","pending",""
"F-C25-04","C25","Sidebar / nav / doc-identity / title","New document creation","As a user, I want to create a fresh document with one click, so that I can start writing without leaving the app.","A '+' button (data-testid new-document-button, aria-label 'New document') in the TopBar extras calls handleCreateDocument: createNewDocumentId() generates `doc-<base36 time>-<8-char uuid/random>` normalized, upserts it into the registry with DEFAULT_DOC_TITLE, refreshes the document list, and router.push navigates to documentPath(newId). Verified by document-identity.spec.ts (button click navigates to /doc/doc-... and route persists after reload).","apps/web/components/editor/EditorWorkspace.tsx:1342-1349, apps/web/components/editor/EditorWorkspace.tsx:1385-1394, apps/web/lib/documentRegistry.ts:143-149, apps/web/lib/documentRegistry.ts:113-141, apps/web/e2e/document-identity/document-identity.spec.ts:83-96","implemented","tested","pass","","none","pending",""
"F-C25-05","C25","Sidebar / nav / doc-identity / title","Document switcher (open existing doc)","As a user with several documents, I want to switch between them from a dropdown, so that I can navigate my workspace quickly.","A <select data-testid=""document-open-select"" aria-label=""Open document""> in the TopBar lists registry records (listDocuments). Options are sorted with the demo doc first, then by updatedAt descending; each option label is the doc title and value is documentPath(id). The active doc is injected into options if not yet in the registry. Selecting an option fires handleOpenDocument -> router.push to that path. document-identity.spec.ts confirms selecting registry-alpha navigates there and restores 'Registry Alpha' title.","apps/web/components/editor/EditorWorkspace.tsx:1351-1396, apps/web/components/editor/EditorWorkspace.tsx:1358-1368, apps/web/lib/documentRegistry.ts:58-83, apps/web/e2e/document-identity/document-identity.spec.ts:98-117","implemented","tested","pass","","none","pending",""
"F-C25-06","C25","Sidebar / nav / doc-identity / title","Document registry persistence & listing","As a returning user, I want my documents remembered, so that the switcher reflects everything I have worked on.","listDocuments seeds a 'demo-document' record, merges parsed records from localStorage key lash:documents (parseRegistry tolerates malformed/non-array JSON by returning []), overlays each record's live title via readDocumentTitle, and sorts demo-first then updatedAt-desc. upsertDocument writes/updates a record (preserving createdAt, bumping updatedAt) and rewrites the registry. refreshDocuments and a storage-change effect re-read the list into React state so the switcher stays current.","apps/web/lib/documentRegistry.ts:33-83, apps/web/lib/documentRegistry.ts:113-141, apps/web/components/editor/EditorWorkspace.tsx:391-394, apps/web/components/editor/EditorWorkspace.tsx:491-498","implemented","verified","partial","[spec-error/low] listDocuments seeds demo-document, merges parsed records (parseRegistry tolerates malformed/non-array JSON by returning []), overlays live titles, and sorts demo-first/updatedAt-desc; upsertDocument preserves createdAt and bumps updatedAt. However the story claims 'a storage-change effect re-reads the list into React state so the switcher stays current' — there is NO window 'storage' listener for the document registry (lash:documents). The only storage listener is for suggestion resolutions. So the switcher updates only on local mutations (create/title-edit via refreshDocuments) and not on cross-tab registry changes.","fixed","pass","Cross-tab doc switcher sync added (storage listener on lash:documents / lash:title:*)."
"F-C25-07","C25","Sidebar / nav / doc-identity / title","Sidebar workspace navigation (brand + nav links)","As a user, I want a left navigation rail with brand and section links, so that I can orient myself within the workspace.","Sidebar renders a 'Lash' brand block plus a static PRIMARY_NAV ('Current doc' marked active with aria-current=page, Home, Inbox, Starred, Shared with me) and SECONDARY_NAV ('All documents', 'Settings'). Each NavItem is a <button> with an icon, label, and title tooltip, but no onClick handler — they are presentational placeholders that do not navigate anywhere.","apps/web/components/shell/Sidebar.tsx:31-57, apps/web/components/shell/Sidebar.tsx:70-110","stub","verified","partial","[ux/medium] Sidebar renders the 'Lash' brand plus PRIMARY_NAV (Current doc [active, aria-current=page], Home, Inbox, Starred, Shared with me) and SECONDARY_NAV (All documents, Settings). Each NavItem is a <button> with icon+label+title but NO onClick handler — they are non-functional presentational placeholders. They look like real navigation but do nothing when clicked, which is a UX trap (dead controls presented as live). The story's expected_behaviour explicitly acknowledges this stub state, so it matches the code, but it remains a real UX gap for end users.","fixed","pass",""
"F-C25-08","C25","Sidebar / nav / doc-identity / title","Sidebar collapse / expand with outline re-access","As a user, I want to collapse the sidebar to gain space yet still reach my outline, so that I can focus without losing navigation.","The workspace defaults to the collapsed icon rail on desktop. An Outline access button (data-testid sidebar-outline-access) remains in the collapsed sidebar, while the canonical live OutlinePanel renders beside the document canvas as lash-document-outline / lash-outline-panel at wide desktop widths. SidebarOutline renders only when the sidebar is expanded or the mobile drawer is open, using sidebar-specific test IDs to avoid duplicate canonical outline landmarks. In focus mode the document outline is omitted. sidebar-regression.spec.ts verifies collapsed access, visible document-side outline jumping, expansion fallback, mobile drawer close/focus restore, and adjacent outline/a11y specs verify collapse, persistence, caret movement, and screen-reader navigation.","apps/web/components/shell/Sidebar.tsx:88-125, apps/web/components/shell/Sidebar.tsx:170-185, apps/web/components/editor/EditorWorkspace.tsx:345, apps/web/components/editor/EditorWorkspace.tsx:1669-1794, apps/web/components/editor/panels/OutlinePanel.tsx:11-98, apps/web/app/globals.css:1939-2015, apps/web/e2e/sidebar/sidebar-regression.spec.ts:50-102","implemented","tested","pass","","fixed","pass","OUT follow-up: document-side outline now primary on desktop; collapsed global nav remains icon-only."
"F-C25-09","C25","Sidebar / nav / doc-identity / title","Mobile sidebar drawer with focus restoration","As a mobile user, I want to open and close the navigation drawer, so that I can navigate on small screens without losing my place.","On mobile a TopBar hamburger (data-testid topbar-mobile-menu, aria-label 'Open navigation menu') calls handleOpenMobileSidebar, stashing event.currentTarget and opening the drawer (AppShell data-mobile-drawer='true'). The Sidebar then renders a close button (data-testid sidebar-mobile-close) that calls closeMobileSidebar, which closes the drawer and refocuses the stored hamburger trigger. sidebar-regression.spec.ts confirms drawer open/close and focus returns to topbar-mobile-menu.","apps/web/components/shell/TopBar.tsx:62-72, apps/web/components/shell/Sidebar.tsx:123-134, apps/web/components/editor/EditorWorkspace.tsx:1512-1526, apps/web/e2e/sidebar/sidebar-regression.spec.ts:81-102","implemented","tested","pass","","none","pending",""
"F-C25-10","C25","Sidebar / nav / doc-identity / title","Right rail section navigator (Chat/History/AI/Share/Activity)","As a user, I want a scroll-synced activity rail, so that I can jump between document-side panels and always know which section I'm viewing.","RightRail renders all tab panels as stacked sections in a scrolling column plus a chip nav (aria-label 'Jump to activity section'). Clicking a chip (data-testid rail-tab-<id>) calls onChange and scrollIntoView (smooth, or 'auto' under prefers-reduced-motion) to that section, arming a 400ms scroll-lock. An IntersectionObserver (threshold 0.25/0.5/0.75, rootMargin bottom -40%) keeps the active chip in sync with the most-visible section, respecting the lock window. Chips show a badge (capped '99+') when badge>0, use aria-current on the active chip, and an optional close button fires onClose.","apps/web/components/shell/RightRail.tsx:41-89, apps/web/components/shell/RightRail.tsx:91-149, apps/web/components/editor/EditorWorkspace.tsx:1578-1588","implemented","tested","pass","","none","pending",""
"F-C25-11","C25","Sidebar / nav / doc-identity / title","TopBar document chrome (title display, autosave, presence, share)","As a user, I want a sticky header showing my doc title, save state, collaborators, and a share action, so that I have at-a-glance document context and controls.","TopBar shows a document icon + read-only title text (topbar-doc-title), an AutosaveIndicator, focus-mode and suggest-mode toggle buttons (aria-pressed, swapping icon/label), an AvatarStack of three hard-coded present collaborators (Apollo/Ada Lovelace/Grace Hopper with 'viewing now' titles), and a Share button (topbar-share-button, aria-expanded/aria-controls=lash-rail) that opens the share rail. The collaborator stack is static demo data, not live presence.","apps/web/components/shell/TopBar.tsx:27-31, apps/web/components/shell/TopBar.tsx:74-139, apps/web/components/editor/EditorWorkspace.tsx:1551-1564","partial","verified","partial","[ux/medium] TopBar shows a document icon + read-only title text (topbar-doc-title), AutosaveIndicator, focus/suggest toggles (aria-pressed, swapping icon/label), an AvatarStack, and a Share button (aria-expanded/aria-controls=lash-rail) opening the share rail. The collaborator stack is HARD-CODED demo data (Apollo/Ada Lovelace/Grace Hopper, all 'viewing now'), shown as if live presence. Real presence exists elsewhere (realtimeSnapshot.peers in EditorWorkspace), so the static avatars are misleading fake data.","fixed","pass",""
"F-C25-12","C25","Sidebar / nav / doc-identity / title","Document metadata strip","As a user, I want a metadata line under the title, so that I can see authorship, version count, sections, route, and access at a glance.","Below the title input a metadata row (data-testid lash-doc-meta) renders: 'Edited by Apollo' (hard-coded), pluralized version count from historyEntries.length, pluralized section count from outlineItems.length, the current route via documentPath(activeDocumentId) (lash-doc-route), and an invite/access status string (Owner access / Access granted:<scope> / Denied:<reason>). title-edit.spec.ts also asserts the title stays above the meta box on mobile (no overlap).","apps/web/components/editor/EditorWorkspace.tsx:1637-1660, apps/web/e2e/title/title-edit.spec.ts:23-54","partial","verified","partial","[ux/low] The metadata row (data-testid lash-doc-meta, aria-label 'Document metadata') renders 'Edited by Apollo' (HARD-CODED, not derived from real authorship), pluralized version count (historyEntries.length), pluralized section count (outlineItems.length), the live route (documentPath via lash-doc-route), and the invite/access status (Owner access / Access granted:<scope> / Denied:<reason>). All values are real except the authorship line, which is a static placeholder presented as factual metadata.","fixed","pass",""
"F-C26-01","C26","Insight routing / writing places (NEW)","Route an insight to a writing place","As a writer, I want to send a selected insight (selection, AI answer, note, chat message, or todo) to a chosen destination, so that valuable content lands in the right system instead of being lost in the doc.","InsightRouter.route(payload, placeId) validates the payload, enforces idempotency, runs the place accepts guard, isolates per-place write errors, records an audit entry, and returns a typed WriteResult {ok,placeId,ref|code,error,at}.","packages/insight-router/src/index.ts; packages/testing/unit/insight-router/router.test.ts","implemented","verified","pass","","fixed","pass","Hardened core router."
"F-C26-02","C26","Insight routing / writing places (NEW)","Built-in writing places (doc / new-doc / clipboard)","As a writer, I want default destinations for an insight, so that I can insert it, spin it into a new doc, or copy it without extra setup.","createDocumentInsertPlace/createNewDocumentPlace/createClipboardPlace register builtin places that are always configured; the host supplies the effectful handler; write returns a ref.","packages/insight-router/src/index.ts; packages/testing/unit/insight-router/router.test.ts","implemented","verified","pass","","fixed","pass","Host wires handlers in EditorWorkspace (Phase 3 UI)."
"F-C26-03","C26","Insight routing / writing places (NEW)","Persephone (memory) writing place","As a writer, I want to save an insight to Persephone memory, so that it becomes long-term recallable knowledge.","createPersephonePlace(client?) registers an external place. Unconfigured by default: route returns {ok:false, code:unconfigured} with the actionable PERSEPHONE_UNCONFIGURED message. With a PersephoneClient.remember() it returns {ok:true, ref:persephone:<id>}.","packages/insight-router/src/index.ts; packages/testing/unit/insight-router/router.test.ts","stub","verified","pass","","fixed","pass","Placeholder adapter; supply PersephoneClient to wire."
"F-C26-04","C26","Insight routing / writing places (NEW)","Hermes (agent) writing place","As a writer, I want to dispatch an insight to a Hermes agent, so that it can be acted on autonomously.","createHermesPlace(client?) registers an external place. Unconfigured by default returns code=unconfigured + HERMES_UNCONFIGURED. With HermesClient.dispatch() returns ref:hermes:<taskId>.","packages/insight-router/src/index.ts; packages/testing/unit/insight-router/router.test.ts","stub","verified","pass","","fixed","pass","Placeholder adapter; supply HermesClient to wire."
"F-C26-05","C26","Insight routing / writing places (NEW)","Garden / gardenos (todos) writing place","As a writer, I want to turn an insight into a todo in garden-state/gardenos, so that follow-ups become tracked tasks.","createGardenPlace(client?) registers an external place. Unconfigured by default returns code=unconfigured + GARDEN_UNCONFIGURED. With GardenClient.createTask() returns ref:garden:<id>.","packages/insight-router/src/index.ts; packages/testing/unit/insight-router/router.test.ts","stub","verified","pass","","fixed","pass","Placeholder adapter; supply GardenClient to wire."
"F-C26-06","C26","Insight routing / writing places (NEW)","Insight payload validation (fail loud)","As a developer, I want malformed insights rejected with clear errors, so that bad data never silently reaches a writing place.","validateInsightPayload checks id, kind (enum), non-empty text, docId, ISO createdAt, and range invariants. route() returns code=invalid with the joined error list; nothing is written.","packages/insight-router/src/index.ts; packages/testing/unit/insight-router/router.test.ts","implemented","verified","pass","","fixed","pass","No silent fallback (CLAUDE.md)."
"F-C26-07","C26","Insight routing / writing places (NEW)","Idempotent routing (write once)","As a writer, I want re-sending the same insight to the same place to be a no-op, so that I never create duplicates.","An (payload.id+placeId) pair is written at most once; repeat routes return the prior success flagged idempotent:true without invoking the handler again.","packages/insight-router/src/index.ts; packages/testing/unit/insight-router/router.test.ts","implemented","verified","pass","","fixed","pass","stableInsightId derives content-based ids."
"F-C26-08","C26","Insight routing / writing places (NEW)","Per-place error isolation + audit trail","As an operator, I want a failing destination to fail only itself and be logged, so that routing stays reliable and traceable.","A place whose write throws is caught and surfaced as code=failed; the router never auto-redirects. Every attempt (success/failure) is appended to history() with payloadId, placeId, kind, result, timestamp.","packages/insight-router/src/index.ts; packages/testing/unit/insight-router/router.test.ts","implemented","verified","pass","","fixed","pass","No cascade; append-only audit."
"F-C26-09","C26","Insight routing / writing places (NEW)","Availability query for UI","As a writer, I want the UI to show which destinations are ready, so that I am not offered places that cannot accept my insight.","availabilityFor(payload) returns each place with available + reason, reflecting isConfigured() and the accepts() guard.","packages/insight-router/src/index.ts; packages/testing/unit/insight-router/router.test.ts","implemented","verified","pass","","fixed","pass","Drives the Send-insight menu."
